2025-12-27 18:24:44 INFO  o.h.validator.internal.util.Version - HV000001: Hibernate Validator 8.0.1.Final
2025-12-27 18:24:44 INFO  c.e.balancing.BalancingApplication - Starting BalancingApplication using Java 17.0.6 with PID 13336 (D:\Hobby-JAVA\spring-balancing\build\classes\java\main started by kraj in D:\Hobby-JAVA\spring-balancing)
2025-12-27 18:24:44 INFO  c.e.balancing.BalancingApplication - No active profile set, falling back to 1 default profile: "default"
2025-12-27 18:24:44 INFO  o.s.b.d.e.DevToolsPropertyDefaultsPostProcessor - Devtools property defaults active! Set 'spring.devtools.add-properties' to 'false' to disable
2025-12-27 18:24:44 INFO  o.s.b.d.e.DevToolsPropertyDefaultsPostProcessor - For additional web related logging consider setting the 'logging.level.web' property to 'DEBUG'
2025-12-27 18:24:45 INFO  o.s.d.r.c.RepositoryConfigurationDelegate - Bootstrapping Spring Data JPA repositories in DEFAULT mode.
2025-12-27 18:24:45 INFO  o.s.d.r.c.RepositoryConfigurationDelegate - Finished Spring Data repository scanning in 71 ms. Found 6 JPA repository interfaces.
2025-12-27 18:24:46 INFO  o.s.b.w.e.tomcat.TomcatWebServer - Tomcat initialized with port 8080 (http)
2025-12-27 18:24:46 INFO  o.a.coyote.http11.Http11NioProtocol - Initializing ProtocolHandler ["http-nio-8080"]
2025-12-27 18:24:46 INFO  o.a.catalina.core.StandardService - Starting service [Tomcat]
2025-12-27 18:24:46 INFO  o.a.catalina.core.StandardEngine - Starting Servlet engine: [Apache Tomcat/10.1.26]
2025-12-27 18:24:46 INFO  o.a.c.c.C.[Tomcat].[localhost].[/] - Initializing Spring embedded WebApplicationContext
2025-12-27 18:24:46 INFO  o.s.b.w.s.c.ServletWebServerApplicationContext - Root WebApplicationContext: initialization completed in 1685 ms
2025-12-27 18:24:46 INFO  com.zaxxer.hikari.HikariDataSource - HikariPool-1 - Starting...
2025-12-27 18:24:46 INFO  com.zaxxer.hikari.pool.HikariPool - HikariPool-1 - Added connection org.postgresql.jdbc.PgConnection@fee94e0
2025-12-27 18:24:46 INFO  com.zaxxer.hikari.HikariDataSource - HikariPool-1 - Start completed.
2025-12-27 18:24:46 DEBUG n.t.d.l.l.SLF4JQueryLoggingListener - 
Name:dataSource, Connection:1, Time:4, Success:True
Type:Statement, Batch:False, QuerySize:1, BatchSize:0
Query:["select version()"]
Params:[]
2025-12-27 18:24:46 DEBUG n.t.d.l.l.SLF4JQueryLoggingListener - 
Name:dataSource, Connection:1, Time:1, Success:True
Type:Statement, Batch:False, QuerySize:1, BatchSize:0
Query:["select version()"]
Params:[]
2025-12-27 18:24:46 DEBUG n.t.d.l.l.SLF4JQueryLoggingListener - 
Name:dataSource, Connection:1, Time:2, Success:True
Type:Statement, Batch:False, QuerySize:1, BatchSize:0
Query:["select setting from pg_settings where name = 'edb_redwood_date'"]
Params:[]
2025-12-27 18:24:47 DEBUG n.t.d.l.l.SLF4JQueryLoggingListener - 
Name:dataSource, Connection:1, Time:2, Success:True
Type:Callable, Batch:False, QuerySize:1, BatchSize:0
Query:["select current_schema()"]
Params:[()]
2025-12-27 18:24:47 INFO  liquibase.database - Set default schema name to public
2025-12-27 18:24:47 DEBUG n.t.d.l.l.SLF4JQueryLoggingListener - 
Name:dataSource, Connection:1, Time:2, Success:True
Type:Statement, Batch:False, QuerySize:1, BatchSize:0
Query:["SELECT MD5SUM FROM public.databasechangelog WHERE MD5SUM IS NOT NULL"]
Params:[]
2025-12-27 18:24:47 DEBUG n.t.d.l.l.SLF4JQueryLoggingListener - 
Name:dataSource, Connection:1, Time:1, Success:True
Type:Statement, Batch:False, QuerySize:1, BatchSize:0
Query:["SELECT COUNT(*) FROM public.databasechangelog"]
Params:[]
2025-12-27 18:24:47 INFO  liquibase.changelog - Reading from public.databasechangelog
2025-12-27 18:24:47 DEBUG n.t.d.l.l.SLF4JQueryLoggingListener - 
Name:dataSource, Connection:1, Time:1, Success:True
Type:Statement, Batch:False, QuerySize:1, BatchSize:0
Query:["SELECT * FROM public.databasechangelog ORDER BY DATEEXECUTED ASC, ORDEREXECUTED ASC"]
Params:[]
2025-12-27 18:24:47 DEBUG n.t.d.l.l.SLF4JQueryLoggingListener - 
Name:dataSource, Connection:1, Time:1, Success:True
Type:Statement, Batch:False, QuerySize:1, BatchSize:0
Query:["SELECT COUNT(*) FROM public.databasechangeloglock"]
Params:[]
2025-12-27 18:24:47 DEBUG n.t.d.l.l.SLF4JQueryLoggingListener - 
Name:dataSource, Connection:1, Time:0, Success:True
Type:Statement, Batch:False, QuerySize:1, BatchSize:0
Query:["SELECT COUNT(*) FROM public.databasechangeloglock"]
Params:[]
2025-12-27 18:24:47 DEBUG n.t.d.l.l.SLF4JQueryLoggingListener - 
Name:dataSource, Connection:1, Time:1, Success:True
Type:Statement, Batch:False, QuerySize:1, BatchSize:0
Query:["SHOW SEARCH_PATH"]
Params:[]
2025-12-27 18:24:47 DEBUG n.t.d.l.l.SLF4JQueryLoggingListener - 
Name:dataSource, Connection:1, Time:0, Success:True
Type:Statement, Batch:False, QuerySize:1, BatchSize:0
Query:["SET SEARCH_PATH TO public, "$user","public""]
Params:[]
2025-12-27 18:24:47 DEBUG n.t.d.l.l.SLF4JQueryLoggingListener - 
Name:dataSource, Connection:1, Time:1, Success:True
Type:Statement, Batch:False, QuerySize:1, BatchSize:0
Query:["SHOW SEARCH_PATH"]
Params:[]
2025-12-27 18:24:47 DEBUG n.t.d.l.l.SLF4JQueryLoggingListener - 
Name:dataSource, Connection:1, Time:1, Success:True
Type:Statement, Batch:False, QuerySize:1, BatchSize:0
Query:["SET SEARCH_PATH TO public, "$user","public""]
Params:[]
2025-12-27 18:24:47 INFO  liquibase.ui - Database is up to date, no changesets to execute
2025-12-27 18:24:47 DEBUG n.t.d.l.l.SLF4JQueryLoggingListener - 
Name:dataSource, Connection:1, Time:1, Success:True
Type:Statement, Batch:False, QuerySize:1, BatchSize:0
Query:["SELECT COUNT(*) FROM public.databasechangelog"]
Params:[]
2025-12-27 18:24:47 INFO  liquibase.changelog - Reading from public.databasechangelog
2025-12-27 18:24:47 DEBUG n.t.d.l.l.SLF4JQueryLoggingListener - 
Name:dataSource, Connection:1, Time:0, Success:True
Type:Statement, Batch:False, QuerySize:1, BatchSize:0
Query:["SELECT * FROM public.databasechangelog ORDER BY DATEEXECUTED ASC, ORDEREXECUTED ASC"]
Params:[]
2025-12-27 18:24:47 INFO  liquibase.util - UPDATE SUMMARY
2025-12-27 18:24:47 INFO  liquibase.util - Run:                          0
2025-12-27 18:24:47 INFO  liquibase.util - Previously run:               1
2025-12-27 18:24:47 INFO  liquibase.util - Filtered out:                 0
2025-12-27 18:24:47 INFO  liquibase.util - -------------------------------
2025-12-27 18:24:47 INFO  liquibase.util - Total change sets:            1
2025-12-27 18:24:47 INFO  liquibase.util - Update summary generated
2025-12-27 18:24:47 DEBUG n.t.d.l.l.SLF4JQueryLoggingListener - 
Name:dataSource, Connection:1, Time:1, Success:True
Type:Statement, Batch:False, QuerySize:1, BatchSize:0
Query:["SHOW SEARCH_PATH"]
Params:[]
2025-12-27 18:24:47 DEBUG n.t.d.l.l.SLF4JQueryLoggingListener - 
Name:dataSource, Connection:1, Time:0, Success:True
Type:Statement, Batch:False, QuerySize:1, BatchSize:0
Query:["SET SEARCH_PATH TO public, "$user","public""]
Params:[]
2025-12-27 18:24:47 DEBUG n.t.d.l.l.SLF4JQueryLoggingListener - 
Name:dataSource, Connection:1, Time:2, Success:True
Type:Statement, Batch:False, QuerySize:1, BatchSize:0
Query:["UPDATE public.databasechangeloglock SET LOCKED = FALSE, LOCKEDBY = NULL, LOCKGRANTED = NULL WHERE ID = 1"]
Params:[]
2025-12-27 18:24:47 INFO  liquibase.lockservice - Successfully released change log lock
2025-12-27 18:24:47 DEBUG n.t.d.l.l.SLF4JQueryLoggingListener - 
Name:dataSource, Connection:1, Time:1, Success:True
Type:Statement, Batch:False, QuerySize:1, BatchSize:0
Query:["SHOW SEARCH_PATH"]
Params:[]
2025-12-27 18:24:47 INFO  liquibase.command - Command execution complete
2025-12-27 18:24:47 INFO  o.h.jpa.internal.util.LogHelper - HHH000204: Processing PersistenceUnitInfo [name: default]
2025-12-27 18:24:47 INFO  org.hibernate.Version - HHH000412: Hibernate ORM core version 6.5.2.Final
2025-12-27 18:24:47 INFO  o.h.c.i.RegionFactoryInitiator - HHH000026: Second-level cache disabled
2025-12-27 18:24:48 INFO  o.s.o.j.p.SpringPersistenceUnitInfo - No LoadTimeWeaver setup: ignoring JPA class transformer
2025-12-27 18:24:48 ERROR o.s.o.j.LocalContainerEntityManagerFactoryBean - Failed to initialize JPA EntityManagerFactory: Collection 'com.example.balancing.entity.run.Run.records' is 'mappedBy' a property named 'run_id' which does not exist in the target entity 'com.example.balancing.entity.Record'
2025-12-27 18:24:48 ERROR o.s.b.w.e.tomcat.TomcatStarter - Error starting Tomcat context. Exception: org.springframework.beans.factory.UnsatisfiedDependencyException. Message: Error creating bean with name 'cookieAuthenticationFilter' defined in file [D:\Hobby-JAVA\spring-balancing\build\classes\java\main\com\example\balancing\filters\CookieAuthenticationFilter.class]: Unsatisfied dependency expressed through constructor parameter 0: Error creating bean with name 'userServiceImpl' defined in file [D:\Hobby-JAVA\spring-balancing\build\classes\java\main\com\example\balancing\services\user\UserServiceImpl.class]: Unsatisfied dependency expressed through constructor parameter 0: Error creating bean with name 'userRepository' defined in com.example.balancing.repository.UserRepository defined in @EnableJpaRepositories declared on JpaRepositoriesRegistrar.EnableJpaRepositoriesConfiguration: Cannot resolve reference to bean 'jpaSharedEM_entityManagerFactory' while setting bean property 'entityManager'
2025-12-27 18:24:48 INFO  o.a.catalina.core.StandardService - Stopping service [Tomcat]
2025-12-27 18:24:48 WARN  o.a.c.loader.WebappClassLoaderBase - The web application [ROOT] appears to have started a thread named [HikariPool-1 housekeeper] but has failed to stop it. This is very likely to create a memory leak. Stack trace of thread:
 java.base@17.0.6/jdk.internal.misc.Unsafe.park(Native Method)
 java.base@17.0.6/java.util.concurrent.locks.LockSupport.parkNanos(LockSupport.java:252)
 java.base@17.0.6/java.util.concurrent.locks.AbstractQueuedSynchronizer$ConditionObject.awaitNanos(AbstractQueuedSynchronizer.java:1672)
 java.base@17.0.6/java.util.concurrent.ScheduledThreadPoolExecutor$DelayedWorkQueue.take(ScheduledThreadPoolExecutor.java:1182)
 java.base@17.0.6/java.util.concurrent.ScheduledThreadPoolExecutor$DelayedWorkQueue.take(ScheduledThreadPoolExecutor.java:899)
 java.base@17.0.6/java.util.concurrent.ThreadPoolExecutor.getTask(ThreadPoolExecutor.java:1062)
 java.base@17.0.6/java.util.concurrent.ThreadPoolExecutor.runWorker(ThreadPoolExecutor.java:1122)
 java.base@17.0.6/java.util.concurrent.ThreadPoolExecutor$Worker.run(ThreadPoolExecutor.java:635)
 java.base@17.0.6/java.lang.Thread.run(Thread.java:833)
2025-12-27 18:24:48 WARN  o.a.c.loader.WebappClassLoaderBase - The web application [ROOT] appears to have started a thread named [pool-2-thread-1] but has failed to stop it. This is very likely to create a memory leak. Stack trace of thread:
 java.base@17.0.6/jdk.internal.misc.Unsafe.park(Native Method)
 java.base@17.0.6/java.util.concurrent.locks.LockSupport.parkNanos(LockSupport.java:252)
 java.base@17.0.6/java.util.concurrent.locks.AbstractQueuedSynchronizer$ConditionObject.awaitNanos(AbstractQueuedSynchronizer.java:1672)
 java.base@17.0.6/java.util.concurrent.ScheduledThreadPoolExecutor$DelayedWorkQueue.take(ScheduledThreadPoolExecutor.java:1182)
 java.base@17.0.6/java.util.concurrent.ScheduledThreadPoolExecutor$DelayedWorkQueue.take(ScheduledThreadPoolExecutor.java:899)
 java.base@17.0.6/java.util.concurrent.ThreadPoolExecutor.getTask(ThreadPoolExecutor.java:1062)
 java.base@17.0.6/java.util.concurrent.ThreadPoolExecutor.runWorker(ThreadPoolExecutor.java:1122)
 java.base@17.0.6/java.util.concurrent.ThreadPoolExecutor$Worker.run(ThreadPoolExecutor.java:635)
 java.base@17.0.6/java.lang.Thread.run(Thread.java:833)
2025-12-27 18:24:48 WARN  o.a.c.loader.WebappClassLoaderBase - The web application [ROOT] appears to have started a thread named [HikariPool-1 connection adder] but has failed to stop it. This is very likely to create a memory leak. Stack trace of thread:
 java.base@17.0.6/jdk.internal.misc.Unsafe.park(Native Method)
 java.base@17.0.6/java.util.concurrent.locks.LockSupport.parkNanos(LockSupport.java:252)
 java.base@17.0.6/java.util.concurrent.locks.AbstractQueuedSynchronizer$ConditionObject.awaitNanos(AbstractQueuedSynchronizer.java:1672)
 java.base@17.0.6/java.util.concurrent.LinkedBlockingQueue.poll(LinkedBlockingQueue.java:460)
 java.base@17.0.6/java.util.concurrent.ThreadPoolExecutor.getTask(ThreadPoolExecutor.java:1061)
 java.base@17.0.6/java.util.concurrent.ThreadPoolExecutor.runWorker(ThreadPoolExecutor.java:1122)
 java.base@17.0.6/java.util.concurrent.ThreadPoolExecutor$Worker.run(ThreadPoolExecutor.java:635)
 java.base@17.0.6/java.lang.Thread.run(Thread.java:833)
2025-12-27 18:24:48 WARN  o.s.b.w.s.c.AnnotationConfigServletWebServerApplicationContext - Exception encountered during context initialization - cancelling refresh attempt: org.springframework.context.ApplicationContextException: Unable to start web server
2025-12-27 18:24:48 INFO  com.zaxxer.hikari.HikariDataSource - HikariPool-1 - Shutdown initiated...
2025-12-27 18:24:48 INFO  com.zaxxer.hikari.HikariDataSource - HikariPool-1 - Shutdown completed.
2025-12-27 18:24:48 INFO  o.s.b.a.l.ConditionEvaluationReportLogger - 

Error starting ApplicationContext. To display the condition evaluation report re-run your application with 'debug' enabled.
2025-12-27 18:24:48 ERROR o.s.boot.SpringApplication - Application run failed
org.springframework.context.ApplicationContextException: Unable to start web server
	at org.springframework.boot.web.servlet.context.ServletWebServerApplicationContext.onRefresh(ServletWebServerApplicationContext.java:165)
	at org.springframework.context.support.AbstractApplicationContext.refresh(AbstractApplicationContext.java:619)
	at org.springframework.boot.web.servlet.context.ServletWebServerApplicationContext.refresh(ServletWebServerApplicationContext.java:146)
	at org.springframework.boot.SpringApplication.refresh(SpringApplication.java:754)
	at org.springframework.boot.SpringApplication.refreshContext(SpringApplication.java:456)
	at org.springframework.boot.SpringApplication.run(SpringApplication.java:335)
	at org.springframework.boot.SpringApplication.run(SpringApplication.java:1363)
	at org.springframework.boot.SpringApplication.run(SpringApplication.java:1352)
	at com.example.balancing.BalancingApplication.main(BalancingApplication.java:9)
	at java.base/jdk.internal.reflect.NativeMethodAccessorImpl.invoke0(Native Method)
	at java.base/jdk.internal.reflect.NativeMethodAccessorImpl.invoke(NativeMethodAccessorImpl.java:77)
	at java.base/jdk.internal.reflect.DelegatingMethodAccessorImpl.invoke(DelegatingMethodAccessorImpl.java:43)
	at java.base/java.lang.reflect.Method.invoke(Method.java:568)
	at org.springframework.boot.devtools.restart.RestartLauncher.run(RestartLauncher.java:50)
Caused by: org.springframework.boot.web.server.WebServerException: Unable to start embedded Tomcat
	at org.springframework.boot.web.embedded.tomcat.TomcatWebServer.initialize(TomcatWebServer.java:147)
	at org.springframework.boot.web.embedded.tomcat.TomcatWebServer.<init>(TomcatWebServer.java:107)
	at org.springframework.boot.web.embedded.tomcat.TomcatServletWebServerFactory.getTomcatWebServer(TomcatServletWebServerFactory.java:516)
	at org.springframework.boot.web.embedded.tomcat.TomcatServletWebServerFactory.getWebServer(TomcatServletWebServerFactory.java:222)
	at org.springframework.boot.web.servlet.context.ServletWebServerApplicationContext.createWebServer(ServletWebServerApplicationContext.java:188)
	at org.springframework.boot.web.servlet.context.ServletWebServerApplicationContext.onRefresh(ServletWebServerApplicationContext.java:162)
	... 13 common frames omitted
Caused by: org.springframework.beans.factory.UnsatisfiedDependencyException: Error creating bean with name 'cookieAuthenticationFilter' defined in file [D:\Hobby-JAVA\spring-balancing\build\classes\java\main\com\example\balancing\filters\CookieAuthenticationFilter.class]: Unsatisfied dependency expressed through constructor parameter 0: Error creating bean with name 'userServiceImpl' defined in file [D:\Hobby-JAVA\spring-balancing\build\classes\java\main\com\example\balancing\services\user\UserServiceImpl.class]: Unsatisfied dependency expressed through constructor parameter 0: Error creating bean with name 'userRepository' defined in com.example.balancing.repository.UserRepository defined in @EnableJpaRepositories declared on JpaRepositoriesRegistrar.EnableJpaRepositoriesConfiguration: Cannot resolve reference to bean 'jpaSharedEM_entityManagerFactory' while setting bean property 'entityManager'
	at org.springframework.beans.factory.support.ConstructorResolver.createArgumentArray(ConstructorResolver.java:795)
	at org.springframework.beans.factory.support.ConstructorResolver.autowireConstructor(ConstructorResolver.java:237)
	at org.springframework.beans.factory.support.AbstractAutowireCapableBeanFactory.autowireConstructor(AbstractAutowireCapableBeanFactory.java:1375)
	at org.springframework.beans.factory.support.AbstractAutowireCapableBeanFactory.createBeanInstance(AbstractAutowireCapableBeanFactory.java:1212)
	at org.springframework.beans.factory.support.AbstractAutowireCapableBeanFactory.doCreateBean(AbstractAutowireCapableBeanFactory.java:562)
	at org.springframework.beans.factory.support.AbstractAutowireCapableBeanFactory.createBean(AbstractAutowireCapableBeanFactory.java:522)
	at org.springframework.beans.factory.support.AbstractBeanFactory.lambda$doGetBean$0(AbstractBeanFactory.java:337)
	at org.springframework.beans.factory.support.DefaultSingletonBeanRegistry.getSingleton(DefaultSingletonBeanRegistry.java:234)
	at org.springframework.beans.factory.support.AbstractBeanFactory.doGetBean(AbstractBeanFactory.java:335)
	at org.springframework.beans.factory.support.AbstractBeanFactory.getBean(AbstractBeanFactory.java:205)
	at org.springframework.boot.web.servlet.ServletContextInitializerBeans.getOrderedBeansOfType(ServletContextInitializerBeans.java:211)
	at org.springframework.boot.web.servlet.ServletContextInitializerBeans.addAsRegistrationBean(ServletContextInitializerBeans.java:174)
	at org.springframework.boot.web.servlet.ServletContextInitializerBeans.addAsRegistrationBean(ServletContextInitializerBeans.java:169)
	at org.springframework.boot.web.servlet.ServletContextInitializerBeans.addAdaptableBeans(ServletContextInitializerBeans.java:154)
	at org.springframework.boot.web.servlet.ServletContextInitializerBeans.<init>(ServletContextInitializerBeans.java:87)
	at org.springframework.boot.web.servlet.context.ServletWebServerApplicationContext.getServletContextInitializerBeans(ServletWebServerApplicationContext.java:266)
	at org.springframework.boot.web.servlet.context.ServletWebServerApplicationContext.selfInitialize(ServletWebServerApplicationContext.java:240)
	at org.springframework.boot.web.embedded.tomcat.TomcatStarter.onStartup(TomcatStarter.java:52)
	at org.apache.catalina.core.StandardContext.startInternal(StandardContext.java:4414)
	at org.apache.catalina.util.LifecycleBase.start(LifecycleBase.java:164)
	at org.apache.catalina.core.ContainerBase$StartChild.call(ContainerBase.java:1203)
	at org.apache.catalina.core.ContainerBase$StartChild.call(ContainerBase.java:1193)
	at java.base/java.util.concurrent.FutureTask.run(FutureTask.java:264)
	at org.apache.tomcat.util.threads.InlineExecutorService.execute(InlineExecutorService.java:75)
	at java.base/java.util.concurrent.AbstractExecutorService.submit(AbstractExecutorService.java:145)
	at org.apache.catalina.core.ContainerBase.startInternal(ContainerBase.java:749)
	at org.apache.catalina.core.StandardHost.startInternal(StandardHost.java:772)
	at org.apache.catalina.util.LifecycleBase.start(LifecycleBase.java:164)
	at org.apache.catalina.core.ContainerBase$StartChild.call(ContainerBase.java:1203)
	at org.apache.catalina.core.ContainerBase$StartChild.call(ContainerBase.java:1193)
	at java.base/java.util.concurrent.FutureTask.run(FutureTask.java:264)
	at org.apache.tomcat.util.threads.InlineExecutorService.execute(InlineExecutorService.java:75)
	at java.base/java.util.concurrent.AbstractExecutorService.submit(AbstractExecutorService.java:145)
	at org.apache.catalina.core.ContainerBase.startInternal(ContainerBase.java:749)
	at org.apache.catalina.core.StandardEngine.startInternal(StandardEngine.java:203)
	at org.apache.catalina.util.LifecycleBase.start(LifecycleBase.java:164)
	at org.apache.catalina.core.StandardService.startInternal(StandardService.java:415)
	at org.apache.catalina.util.LifecycleBase.start(LifecycleBase.java:164)
	at org.apache.catalina.core.StandardServer.startInternal(StandardServer.java:874)
	at org.apache.catalina.util.LifecycleBase.start(LifecycleBase.java:164)
	at org.apache.catalina.startup.Tomcat.start(Tomcat.java:437)
	at org.springframework.boot.web.embedded.tomcat.TomcatWebServer.initialize(TomcatWebServer.java:128)
	... 18 common frames omitted
Caused by: org.springframework.beans.factory.UnsatisfiedDependencyException: Error creating bean with name 'userServiceImpl' defined in file [D:\Hobby-JAVA\spring-balancing\build\classes\java\main\com\example\balancing\services\user\UserServiceImpl.class]: Unsatisfied dependency expressed through constructor parameter 0: Error creating bean with name 'userRepository' defined in com.example.balancing.repository.UserRepository defined in @EnableJpaRepositories declared on JpaRepositoriesRegistrar.EnableJpaRepositoriesConfiguration: Cannot resolve reference to bean 'jpaSharedEM_entityManagerFactory' while setting bean property 'entityManager'
	at org.springframework.beans.factory.support.ConstructorResolver.createArgumentArray(ConstructorResolver.java:795)
	at org.springframework.beans.factory.support.ConstructorResolver.autowireConstructor(ConstructorResolver.java:237)
	at org.springframework.beans.factory.support.AbstractAutowireCapableBeanFactory.autowireConstructor(AbstractAutowireCapableBeanFactory.java:1375)
	at org.springframework.beans.factory.support.AbstractAutowireCapableBeanFactory.createBeanInstance(AbstractAutowireCapableBeanFactory.java:1212)
	at org.springframework.beans.factory.support.AbstractAutowireCapableBeanFactory.doCreateBean(AbstractAutowireCapableBeanFactory.java:562)
	at org.springframework.beans.factory.support.AbstractAutowireCapableBeanFactory.createBean(AbstractAutowireCapableBeanFactory.java:522)
	at org.springframework.beans.factory.support.AbstractBeanFactory.lambda$doGetBean$0(AbstractBeanFactory.java:337)
	at org.springframework.beans.factory.support.DefaultSingletonBeanRegistry.getSingleton(DefaultSingletonBeanRegistry.java:234)
	at org.springframework.beans.factory.support.AbstractBeanFactory.doGetBean(AbstractBeanFactory.java:335)
	at org.springframework.beans.factory.support.AbstractBeanFactory.getBean(AbstractBeanFactory.java:200)
	at org.springframework.beans.factory.config.DependencyDescriptor.resolveCandidate(DependencyDescriptor.java:254)
	at org.springframework.beans.factory.support.DefaultListableBeanFactory.doResolveDependency(DefaultListableBeanFactory.java:1443)
	at org.springframework.beans.factory.support.DefaultListableBeanFactory.resolveDependency(DefaultListableBeanFactory.java:1353)
	at org.springframework.beans.factory.support.ConstructorResolver.resolveAutowiredArgument(ConstructorResolver.java:904)
	at org.springframework.beans.factory.support.ConstructorResolver.createArgumentArray(ConstructorResolver.java:782)
	... 59 common frames omitted
Caused by: org.springframework.beans.factory.BeanCreationException: Error creating bean with name 'userRepository' defined in com.example.balancing.repository.UserRepository defined in @EnableJpaRepositories declared on JpaRepositoriesRegistrar.EnableJpaRepositoriesConfiguration: Cannot resolve reference to bean 'jpaSharedEM_entityManagerFactory' while setting bean property 'entityManager'
	at org.springframework.beans.factory.support.BeanDefinitionValueResolver.resolveReference(BeanDefinitionValueResolver.java:377)
	at org.springframework.beans.factory.support.BeanDefinitionValueResolver.resolveValueIfNecessary(BeanDefinitionValueResolver.java:135)
	at org.springframework.beans.factory.support.AbstractAutowireCapableBeanFactory.applyPropertyValues(AbstractAutowireCapableBeanFactory.java:1705)
	at org.springframework.beans.factory.support.AbstractAutowireCapableBeanFactory.populateBean(AbstractAutowireCapableBeanFactory.java:1454)
	at org.springframework.beans.factory.support.AbstractAutowireCapableBeanFactory.doCreateBean(AbstractAutowireCapableBeanFactory.java:599)
	at org.springframework.beans.factory.support.AbstractAutowireCapableBeanFactory.createBean(AbstractAutowireCapableBeanFactory.java:522)
	at org.springframework.beans.factory.support.AbstractBeanFactory.lambda$doGetBean$0(AbstractBeanFactory.java:337)
	at org.springframework.beans.factory.support.DefaultSingletonBeanRegistry.getSingleton(DefaultSingletonBeanRegistry.java:234)
	at org.springframework.beans.factory.support.AbstractBeanFactory.doGetBean(AbstractBeanFactory.java:335)
	at org.springframework.beans.factory.support.AbstractBeanFactory.getBean(AbstractBeanFactory.java:200)
	at org.springframework.beans.factory.config.DependencyDescriptor.resolveCandidate(DependencyDescriptor.java:254)
	at org.springframework.beans.factory.support.DefaultListableBeanFactory.doResolveDependency(DefaultListableBeanFactory.java:1443)
	at org.springframework.beans.factory.support.DefaultListableBeanFactory.resolveDependency(DefaultListableBeanFactory.java:1353)
	at org.springframework.beans.factory.support.ConstructorResolver.resolveAutowiredArgument(ConstructorResolver.java:904)
	at org.springframework.beans.factory.support.ConstructorResolver.createArgumentArray(ConstructorResolver.java:782)
	... 73 common frames omitted
Caused by: org.springframework.beans.factory.BeanCreationException: Error creating bean with name 'jpaSharedEM_entityManagerFactory': Cannot resolve reference to bean 'entityManagerFactory' while setting constructor argument
	at org.springframework.beans.factory.support.BeanDefinitionValueResolver.resolveReference(BeanDefinitionValueResolver.java:377)
	at org.springframework.beans.factory.support.BeanDefinitionValueResolver.resolveValueIfNecessary(BeanDefinitionValueResolver.java:135)
	at org.springframework.beans.factory.support.ConstructorResolver.resolveConstructorArguments(ConstructorResolver.java:682)
	at org.springframework.beans.factory.support.ConstructorResolver.instantiateUsingFactoryMethod(ConstructorResolver.java:509)
	at org.springframework.beans.factory.support.AbstractAutowireCapableBeanFactory.instantiateUsingFactoryMethod(AbstractAutowireCapableBeanFactory.java:1355)
	at org.springframework.beans.factory.support.AbstractAutowireCapableBeanFactory.createBeanInstance(AbstractAutowireCapableBeanFactory.java:1185)
	at org.springframework.beans.factory.support.AbstractAutowireCapableBeanFactory.doCreateBean(AbstractAutowireCapableBeanFactory.java:562)
	at org.springframework.beans.factory.support.AbstractAutowireCapableBeanFactory.createBean(AbstractAutowireCapableBeanFactory.java:522)
	at org.springframework.beans.factory.support.AbstractBeanFactory.lambda$doGetBean$0(AbstractBeanFactory.java:337)
	at org.springframework.beans.factory.support.DefaultSingletonBeanRegistry.getSingleton(DefaultSingletonBeanRegistry.java:234)
	at org.springframework.beans.factory.support.AbstractBeanFactory.doGetBean(AbstractBeanFactory.java:335)
	at org.springframework.beans.factory.support.AbstractBeanFactory.getBean(AbstractBeanFactory.java:200)
	at org.springframework.beans.factory.support.BeanDefinitionValueResolver.resolveReference(BeanDefinitionValueResolver.java:365)
	... 87 common frames omitted
Caused by: org.springframework.beans.factory.BeanCreationException: Error creating bean with name 'entityManagerFactory' defined in class path resource [org/springframework/boot/autoconfigure/orm/jpa/HibernateJpaConfiguration.class]: Collection 'com.example.balancing.entity.run.Run.records' is 'mappedBy' a property named 'run_id' which does not exist in the target entity 'com.example.balancing.entity.Record'
	at org.springframework.beans.factory.support.AbstractAutowireCapableBeanFactory.initializeBean(AbstractAutowireCapableBeanFactory.java:1806)
	at org.springframework.beans.factory.support.AbstractAutowireCapableBeanFactory.doCreateBean(AbstractAutowireCapableBeanFactory.java:600)
	at org.springframework.beans.factory.support.AbstractAutowireCapableBeanFactory.createBean(AbstractAutowireCapableBeanFactory.java:522)
	at org.springframework.beans.factory.support.AbstractBeanFactory.lambda$doGetBean$0(AbstractBeanFactory.java:337)
	at org.springframework.beans.factory.support.DefaultSingletonBeanRegistry.getSingleton(DefaultSingletonBeanRegistry.java:234)
	at org.springframework.beans.factory.support.AbstractBeanFactory.doGetBean(AbstractBeanFactory.java:335)
	at org.springframework.beans.factory.support.AbstractBeanFactory.getBean(AbstractBeanFactory.java:200)
	at org.springframework.beans.factory.support.BeanDefinitionValueResolver.resolveReference(BeanDefinitionValueResolver.java:365)
	... 99 common frames omitted
Caused by: org.hibernate.AnnotationException: Collection 'com.example.balancing.entity.run.Run.records' is 'mappedBy' a property named 'run_id' which does not exist in the target entity 'com.example.balancing.entity.Record'
	at org.hibernate.boot.model.internal.CollectionBinder.isReversePropertyInJoin(CollectionBinder.java:1639)
	at org.hibernate.boot.model.internal.CollectionBinder.noAssociationTable(CollectionBinder.java:1653)
	at org.hibernate.boot.model.internal.CollectionBinder.bindStarToManySecondPass(CollectionBinder.java:1614)
	at org.hibernate.boot.model.internal.CollectionBinder$1.secondPass(CollectionBinder.java:1605)
	at org.hibernate.boot.model.internal.CollectionSecondPass.doSecondPass(CollectionSecondPass.java:45)
	at org.hibernate.boot.internal.InFlightMetadataCollectorImpl.processSecondPasses(InFlightMetadataCollectorImpl.java:1811)
	at org.hibernate.boot.internal.InFlightMetadataCollectorImpl.processSecondPasses(InFlightMetadataCollectorImpl.java:1770)
	at org.hibernate.boot.model.process.spi.MetadataBuildingProcess.complete(MetadataBuildingProcess.java:334)
	at org.hibernate.jpa.boot.internal.EntityManagerFactoryBuilderImpl.metadata(EntityManagerFactoryBuilderImpl.java:1431)
	at org.hibernate.jpa.boot.internal.EntityManagerFactoryBuilderImpl.build(EntityManagerFactoryBuilderImpl.java:1502)
	at org.springframework.orm.jpa.vendor.SpringHibernateJpaPersistenceProvider.createContainerEntityManagerFactory(SpringHibernateJpaPersistenceProvider.java:75)
	at org.springframework.orm.jpa.LocalContainerEntityManagerFactoryBean.createNativeEntityManagerFactory(LocalContainerEntityManagerFactoryBean.java:390)
	at org.springframework.orm.jpa.AbstractEntityManagerFactoryBean.buildNativeEntityManagerFactory(AbstractEntityManagerFactoryBean.java:409)
	at org.springframework.orm.jpa.AbstractEntityManagerFactoryBean.afterPropertiesSet(AbstractEntityManagerFactoryBean.java:396)
	at org.springframework.orm.jpa.LocalContainerEntityManagerFactoryBean.afterPropertiesSet(LocalContainerEntityManagerFactoryBean.java:366)
	at org.springframework.beans.factory.support.AbstractAutowireCapableBeanFactory.invokeInitMethods(AbstractAutowireCapableBeanFactory.java:1853)
	at org.springframework.beans.factory.support.AbstractAutowireCapableBeanFactory.initializeBean(AbstractAutowireCapableBeanFactory.java:1802)
	... 106 common frames omitted
2025-12-27 18:37:32 INFO  o.h.validator.internal.util.Version - HV000001: Hibernate Validator 8.0.1.Final
2025-12-27 18:37:32 INFO  c.e.balancing.BalancingApplication - Starting BalancingApplication using Java 17.0.6 with PID 20304 (D:\Hobby-JAVA\spring-balancing\build\classes\java\main started by kraj in D:\Hobby-JAVA\spring-balancing)
2025-12-27 18:37:32 INFO  c.e.balancing.BalancingApplication - No active profile set, falling back to 1 default profile: "default"
2025-12-27 18:37:32 INFO  o.s.b.d.e.DevToolsPropertyDefaultsPostProcessor - Devtools property defaults active! Set 'spring.devtools.add-properties' to 'false' to disable
2025-12-27 18:37:32 INFO  o.s.b.d.e.DevToolsPropertyDefaultsPostProcessor - For additional web related logging consider setting the 'logging.level.web' property to 'DEBUG'
2025-12-27 18:37:33 INFO  o.s.d.r.c.RepositoryConfigurationDelegate - Bootstrapping Spring Data JPA repositories in DEFAULT mode.
2025-12-27 18:37:33 INFO  o.s.d.r.c.RepositoryConfigurationDelegate - Finished Spring Data repository scanning in 66 ms. Found 6 JPA repository interfaces.
2025-12-27 18:37:33 INFO  o.s.b.w.e.tomcat.TomcatWebServer - Tomcat initialized with port 8080 (http)
2025-12-27 18:37:33 INFO  o.a.coyote.http11.Http11NioProtocol - Initializing ProtocolHandler ["http-nio-8080"]
2025-12-27 18:37:33 INFO  o.a.catalina.core.StandardService - Starting service [Tomcat]
2025-12-27 18:37:33 INFO  o.a.catalina.core.StandardEngine - Starting Servlet engine: [Apache Tomcat/10.1.26]
2025-12-27 18:37:33 INFO  o.a.c.c.C.[Tomcat].[localhost].[/] - Initializing Spring embedded WebApplicationContext
2025-12-27 18:37:33 INFO  o.s.b.w.s.c.ServletWebServerApplicationContext - Root WebApplicationContext: initialization completed in 1573 ms
2025-12-27 18:37:34 INFO  com.zaxxer.hikari.HikariDataSource - HikariPool-1 - Starting...
2025-12-27 18:37:34 INFO  com.zaxxer.hikari.pool.HikariPool - HikariPool-1 - Added connection org.postgresql.jdbc.PgConnection@7afdb99
2025-12-27 18:37:34 INFO  com.zaxxer.hikari.HikariDataSource - HikariPool-1 - Start completed.
2025-12-27 18:37:34 DEBUG n.t.d.l.l.SLF4JQueryLoggingListener - 
Name:dataSource, Connection:1, Time:6, Success:True
Type:Statement, Batch:False, QuerySize:1, BatchSize:0
Query:["select version()"]
Params:[]
2025-12-27 18:37:34 DEBUG n.t.d.l.l.SLF4JQueryLoggingListener - 
Name:dataSource, Connection:1, Time:1, Success:True
Type:Statement, Batch:False, QuerySize:1, BatchSize:0
Query:["select version()"]
Params:[]
2025-12-27 18:37:34 DEBUG n.t.d.l.l.SLF4JQueryLoggingListener - 
Name:dataSource, Connection:1, Time:2, Success:True
Type:Statement, Batch:False, QuerySize:1, BatchSize:0
Query:["select setting from pg_settings where name = 'edb_redwood_date'"]
Params:[]
2025-12-27 18:37:34 DEBUG n.t.d.l.l.SLF4JQueryLoggingListener - 
Name:dataSource, Connection:1, Time:1, Success:True
Type:Callable, Batch:False, QuerySize:1, BatchSize:0
Query:["select current_schema()"]
Params:[()]
2025-12-27 18:37:34 INFO  liquibase.database - Set default schema name to public
2025-12-27 18:37:34 DEBUG n.t.d.l.l.SLF4JQueryLoggingListener - 
Name:dataSource, Connection:1, Time:2, Success:True
Type:Statement, Batch:False, QuerySize:1, BatchSize:0
Query:["SELECT MD5SUM FROM public.databasechangelog WHERE MD5SUM IS NOT NULL"]
Params:[]
2025-12-27 18:37:34 DEBUG n.t.d.l.l.SLF4JQueryLoggingListener - 
Name:dataSource, Connection:1, Time:1, Success:True
Type:Statement, Batch:False, QuerySize:1, BatchSize:0
Query:["SELECT COUNT(*) FROM public.databasechangelog"]
Params:[]
2025-12-27 18:37:34 INFO  liquibase.changelog - Reading from public.databasechangelog
2025-12-27 18:37:34 DEBUG n.t.d.l.l.SLF4JQueryLoggingListener - 
Name:dataSource, Connection:1, Time:1, Success:True
Type:Statement, Batch:False, QuerySize:1, BatchSize:0
Query:["SELECT * FROM public.databasechangelog ORDER BY DATEEXECUTED ASC, ORDEREXECUTED ASC"]
Params:[]
2025-12-27 18:37:34 DEBUG n.t.d.l.l.SLF4JQueryLoggingListener - 
Name:dataSource, Connection:1, Time:1, Success:True
Type:Statement, Batch:False, QuerySize:1, BatchSize:0
Query:["SELECT COUNT(*) FROM public.databasechangeloglock"]
Params:[]
2025-12-27 18:37:34 DEBUG n.t.d.l.l.SLF4JQueryLoggingListener - 
Name:dataSource, Connection:1, Time:1, Success:True
Type:Statement, Batch:False, QuerySize:1, BatchSize:0
Query:["SELECT COUNT(*) FROM public.databasechangeloglock"]
Params:[]
2025-12-27 18:37:34 DEBUG n.t.d.l.l.SLF4JQueryLoggingListener - 
Name:dataSource, Connection:1, Time:0, Success:True
Type:Statement, Batch:False, QuerySize:1, BatchSize:0
Query:["SHOW SEARCH_PATH"]
Params:[]
2025-12-27 18:37:34 DEBUG n.t.d.l.l.SLF4JQueryLoggingListener - 
Name:dataSource, Connection:1, Time:0, Success:True
Type:Statement, Batch:False, QuerySize:1, BatchSize:0
Query:["SET SEARCH_PATH TO public, "$user","public""]
Params:[]
2025-12-27 18:37:34 DEBUG n.t.d.l.l.SLF4JQueryLoggingListener - 
Name:dataSource, Connection:1, Time:0, Success:True
Type:Statement, Batch:False, QuerySize:1, BatchSize:0
Query:["SHOW SEARCH_PATH"]
Params:[]
2025-12-27 18:37:34 DEBUG n.t.d.l.l.SLF4JQueryLoggingListener - 
Name:dataSource, Connection:1, Time:0, Success:True
Type:Statement, Batch:False, QuerySize:1, BatchSize:0
Query:["SET SEARCH_PATH TO public, "$user","public""]
Params:[]
2025-12-27 18:37:34 INFO  liquibase.ui - Database is up to date, no changesets to execute
2025-12-27 18:37:34 DEBUG n.t.d.l.l.SLF4JQueryLoggingListener - 
Name:dataSource, Connection:1, Time:1, Success:True
Type:Statement, Batch:False, QuerySize:1, BatchSize:0
Query:["SELECT COUNT(*) FROM public.databasechangelog"]
Params:[]
2025-12-27 18:37:34 INFO  liquibase.changelog - Reading from public.databasechangelog
2025-12-27 18:37:34 DEBUG n.t.d.l.l.SLF4JQueryLoggingListener - 
Name:dataSource, Connection:1, Time:1, Success:True
Type:Statement, Batch:False, QuerySize:1, BatchSize:0
Query:["SELECT * FROM public.databasechangelog ORDER BY DATEEXECUTED ASC, ORDEREXECUTED ASC"]
Params:[]
2025-12-27 18:37:34 INFO  liquibase.util - UPDATE SUMMARY
2025-12-27 18:37:34 INFO  liquibase.util - Run:                          0
2025-12-27 18:37:34 INFO  liquibase.util - Previously run:               1
2025-12-27 18:37:34 INFO  liquibase.util - Filtered out:                 0
2025-12-27 18:37:34 INFO  liquibase.util - -------------------------------
2025-12-27 18:37:34 INFO  liquibase.util - Total change sets:            1
2025-12-27 18:37:34 INFO  liquibase.util - Update summary generated
2025-12-27 18:37:34 DEBUG n.t.d.l.l.SLF4JQueryLoggingListener - 
Name:dataSource, Connection:1, Time:0, Success:True
Type:Statement, Batch:False, QuerySize:1, BatchSize:0
Query:["SHOW SEARCH_PATH"]
Params:[]
2025-12-27 18:37:34 DEBUG n.t.d.l.l.SLF4JQueryLoggingListener - 
Name:dataSource, Connection:1, Time:1, Success:True
Type:Statement, Batch:False, QuerySize:1, BatchSize:0
Query:["SET SEARCH_PATH TO public, "$user","public""]
Params:[]
2025-12-27 18:37:34 DEBUG n.t.d.l.l.SLF4JQueryLoggingListener - 
Name:dataSource, Connection:1, Time:2, Success:True
Type:Statement, Batch:False, QuerySize:1, BatchSize:0
Query:["UPDATE public.databasechangeloglock SET LOCKED = FALSE, LOCKEDBY = NULL, LOCKGRANTED = NULL WHERE ID = 1"]
Params:[]
2025-12-27 18:37:34 INFO  liquibase.lockservice - Successfully released change log lock
2025-12-27 18:37:34 DEBUG n.t.d.l.l.SLF4JQueryLoggingListener - 
Name:dataSource, Connection:1, Time:1, Success:True
Type:Statement, Batch:False, QuerySize:1, BatchSize:0
Query:["SHOW SEARCH_PATH"]
Params:[]
2025-12-27 18:37:34 INFO  liquibase.command - Command execution complete
2025-12-27 18:37:35 INFO  o.h.jpa.internal.util.LogHelper - HHH000204: Processing PersistenceUnitInfo [name: default]
2025-12-27 18:37:35 INFO  org.hibernate.Version - HHH000412: Hibernate ORM core version 6.5.2.Final
2025-12-27 18:37:35 INFO  o.h.c.i.RegionFactoryInitiator - HHH000026: Second-level cache disabled
2025-12-27 18:37:35 INFO  o.s.o.j.p.SpringPersistenceUnitInfo - No LoadTimeWeaver setup: ignoring JPA class transformer
2025-12-27 18:37:35 DEBUG n.t.d.l.l.SLF4JQueryLoggingListener - 
Name:dataSource, Connection:3, Time:3, Success:True
Type:Prepared, Batch:False, QuerySize:1, BatchSize:0
Query:["select * from information_schema.sequences"]
Params:[()]
2025-12-27 18:37:35 ERROR o.s.o.j.LocalContainerEntityManagerFactoryBean - Failed to initialize JPA EntityManagerFactory: [PersistenceUnit: default] Unable to build Hibernate SessionFactory; nested exception is org.hibernate.MappingException: Column 'station_id' is duplicated in mapping for entity 'com.example.balancing.entity.Unit' (use '@Column(insertable=false, updatable=false)' when mapping multiple properties to the same column)
2025-12-27 18:37:35 ERROR o.s.b.w.e.tomcat.TomcatStarter - Error starting Tomcat context. Exception: org.springframework.beans.factory.UnsatisfiedDependencyException. Message: Error creating bean with name 'cookieAuthenticationFilter' defined in file [D:\Hobby-JAVA\spring-balancing\build\classes\java\main\com\example\balancing\filters\CookieAuthenticationFilter.class]: Unsatisfied dependency expressed through constructor parameter 0: Error creating bean with name 'userServiceImpl' defined in file [D:\Hobby-JAVA\spring-balancing\build\classes\java\main\com\example\balancing\services\user\UserServiceImpl.class]: Unsatisfied dependency expressed through constructor parameter 0: Error creating bean with name 'userRepository' defined in com.example.balancing.repository.UserRepository defined in @EnableJpaRepositories declared on JpaRepositoriesRegistrar.EnableJpaRepositoriesConfiguration: Cannot resolve reference to bean 'jpaSharedEM_entityManagerFactory' while setting bean property 'entityManager'
2025-12-27 18:37:35 INFO  o.a.catalina.core.StandardService - Stopping service [Tomcat]
2025-12-27 18:37:35 WARN  o.a.c.loader.WebappClassLoaderBase - The web application [ROOT] appears to have started a thread named [HikariPool-1 housekeeper] but has failed to stop it. This is very likely to create a memory leak. Stack trace of thread:
 java.base@17.0.6/jdk.internal.misc.Unsafe.park(Native Method)
 java.base@17.0.6/java.util.concurrent.locks.LockSupport.parkNanos(LockSupport.java:252)
 java.base@17.0.6/java.util.concurrent.locks.AbstractQueuedSynchronizer$ConditionObject.awaitNanos(AbstractQueuedSynchronizer.java:1672)
 java.base@17.0.6/java.util.concurrent.ScheduledThreadPoolExecutor$DelayedWorkQueue.take(ScheduledThreadPoolExecutor.java:1182)
 java.base@17.0.6/java.util.concurrent.ScheduledThreadPoolExecutor$DelayedWorkQueue.take(ScheduledThreadPoolExecutor.java:899)
 java.base@17.0.6/java.util.concurrent.ThreadPoolExecutor.getTask(ThreadPoolExecutor.java:1062)
 java.base@17.0.6/java.util.concurrent.ThreadPoolExecutor.runWorker(ThreadPoolExecutor.java:1122)
 java.base@17.0.6/java.util.concurrent.ThreadPoolExecutor$Worker.run(ThreadPoolExecutor.java:635)
 java.base@17.0.6/java.lang.Thread.run(Thread.java:833)
2025-12-27 18:37:35 WARN  o.a.c.loader.WebappClassLoaderBase - The web application [ROOT] appears to have started a thread named [pool-2-thread-1] but has failed to stop it. This is very likely to create a memory leak. Stack trace of thread:
 java.base@17.0.6/jdk.internal.misc.Unsafe.park(Native Method)
 java.base@17.0.6/java.util.concurrent.locks.LockSupport.parkNanos(LockSupport.java:252)
 java.base@17.0.6/java.util.concurrent.locks.AbstractQueuedSynchronizer$ConditionObject.awaitNanos(AbstractQueuedSynchronizer.java:1672)
 java.base@17.0.6/java.util.concurrent.ScheduledThreadPoolExecutor$DelayedWorkQueue.take(ScheduledThreadPoolExecutor.java:1182)
 java.base@17.0.6/java.util.concurrent.ScheduledThreadPoolExecutor$DelayedWorkQueue.take(ScheduledThreadPoolExecutor.java:899)
 java.base@17.0.6/java.util.concurrent.ThreadPoolExecutor.getTask(ThreadPoolExecutor.java:1062)
 java.base@17.0.6/java.util.concurrent.ThreadPoolExecutor.runWorker(ThreadPoolExecutor.java:1122)
 java.base@17.0.6/java.util.concurrent.ThreadPoolExecutor$Worker.run(ThreadPoolExecutor.java:635)
 java.base@17.0.6/java.lang.Thread.run(Thread.java:833)
2025-12-27 18:37:35 WARN  o.a.c.loader.WebappClassLoaderBase - The web application [ROOT] appears to have started a thread named [HikariPool-1 connection adder] but has failed to stop it. This is very likely to create a memory leak. Stack trace of thread:
 java.base@17.0.6/jdk.internal.misc.Unsafe.park(Native Method)
 java.base@17.0.6/java.util.concurrent.locks.LockSupport.parkNanos(LockSupport.java:252)
 java.base@17.0.6/java.util.concurrent.locks.AbstractQueuedSynchronizer$ConditionObject.awaitNanos(AbstractQueuedSynchronizer.java:1672)
 java.base@17.0.6/java.util.concurrent.LinkedBlockingQueue.poll(LinkedBlockingQueue.java:460)
 java.base@17.0.6/java.util.concurrent.ThreadPoolExecutor.getTask(ThreadPoolExecutor.java:1061)
 java.base@17.0.6/java.util.concurrent.ThreadPoolExecutor.runWorker(ThreadPoolExecutor.java:1122)
 java.base@17.0.6/java.util.concurrent.ThreadPoolExecutor$Worker.run(ThreadPoolExecutor.java:635)
 java.base@17.0.6/java.lang.Thread.run(Thread.java:833)
2025-12-27 18:37:35 WARN  o.s.b.w.s.c.AnnotationConfigServletWebServerApplicationContext - Exception encountered during context initialization - cancelling refresh attempt: org.springframework.context.ApplicationContextException: Unable to start web server
2025-12-27 18:37:35 INFO  com.zaxxer.hikari.HikariDataSource - HikariPool-1 - Shutdown initiated...
2025-12-27 18:37:35 INFO  com.zaxxer.hikari.HikariDataSource - HikariPool-1 - Shutdown completed.
2025-12-27 18:37:35 INFO  o.s.b.a.l.ConditionEvaluationReportLogger - 

Error starting ApplicationContext. To display the condition evaluation report re-run your application with 'debug' enabled.
2025-12-27 18:37:35 ERROR o.s.boot.SpringApplication - Application run failed
org.springframework.context.ApplicationContextException: Unable to start web server
	at org.springframework.boot.web.servlet.context.ServletWebServerApplicationContext.onRefresh(ServletWebServerApplicationContext.java:165)
	at org.springframework.context.support.AbstractApplicationContext.refresh(AbstractApplicationContext.java:619)
	at org.springframework.boot.web.servlet.context.ServletWebServerApplicationContext.refresh(ServletWebServerApplicationContext.java:146)
	at org.springframework.boot.SpringApplication.refresh(SpringApplication.java:754)
	at org.springframework.boot.SpringApplication.refreshContext(SpringApplication.java:456)
	at org.springframework.boot.SpringApplication.run(SpringApplication.java:335)
	at org.springframework.boot.SpringApplication.run(SpringApplication.java:1363)
	at org.springframework.boot.SpringApplication.run(SpringApplication.java:1352)
	at com.example.balancing.BalancingApplication.main(BalancingApplication.java:9)
	at java.base/jdk.internal.reflect.NativeMethodAccessorImpl.invoke0(Native Method)
	at java.base/jdk.internal.reflect.NativeMethodAccessorImpl.invoke(NativeMethodAccessorImpl.java:77)
	at java.base/jdk.internal.reflect.DelegatingMethodAccessorImpl.invoke(DelegatingMethodAccessorImpl.java:43)
	at java.base/java.lang.reflect.Method.invoke(Method.java:568)
	at org.springframework.boot.devtools.restart.RestartLauncher.run(RestartLauncher.java:50)
Caused by: org.springframework.boot.web.server.WebServerException: Unable to start embedded Tomcat
	at org.springframework.boot.web.embedded.tomcat.TomcatWebServer.initialize(TomcatWebServer.java:147)
	at org.springframework.boot.web.embedded.tomcat.TomcatWebServer.<init>(TomcatWebServer.java:107)
	at org.springframework.boot.web.embedded.tomcat.TomcatServletWebServerFactory.getTomcatWebServer(TomcatServletWebServerFactory.java:516)
	at org.springframework.boot.web.embedded.tomcat.TomcatServletWebServerFactory.getWebServer(TomcatServletWebServerFactory.java:222)
	at org.springframework.boot.web.servlet.context.ServletWebServerApplicationContext.createWebServer(ServletWebServerApplicationContext.java:188)
	at org.springframework.boot.web.servlet.context.ServletWebServerApplicationContext.onRefresh(ServletWebServerApplicationContext.java:162)
	... 13 common frames omitted
Caused by: org.springframework.beans.factory.UnsatisfiedDependencyException: Error creating bean with name 'cookieAuthenticationFilter' defined in file [D:\Hobby-JAVA\spring-balancing\build\classes\java\main\com\example\balancing\filters\CookieAuthenticationFilter.class]: Unsatisfied dependency expressed through constructor parameter 0: Error creating bean with name 'userServiceImpl' defined in file [D:\Hobby-JAVA\spring-balancing\build\classes\java\main\com\example\balancing\services\user\UserServiceImpl.class]: Unsatisfied dependency expressed through constructor parameter 0: Error creating bean with name 'userRepository' defined in com.example.balancing.repository.UserRepository defined in @EnableJpaRepositories declared on JpaRepositoriesRegistrar.EnableJpaRepositoriesConfiguration: Cannot resolve reference to bean 'jpaSharedEM_entityManagerFactory' while setting bean property 'entityManager'
	at org.springframework.beans.factory.support.ConstructorResolver.createArgumentArray(ConstructorResolver.java:795)
	at org.springframework.beans.factory.support.ConstructorResolver.autowireConstructor(ConstructorResolver.java:237)
	at org.springframework.beans.factory.support.AbstractAutowireCapableBeanFactory.autowireConstructor(AbstractAutowireCapableBeanFactory.java:1375)
	at org.springframework.beans.factory.support.AbstractAutowireCapableBeanFactory.createBeanInstance(AbstractAutowireCapableBeanFactory.java:1212)
	at org.springframework.beans.factory.support.AbstractAutowireCapableBeanFactory.doCreateBean(AbstractAutowireCapableBeanFactory.java:562)
	at org.springframework.beans.factory.support.AbstractAutowireCapableBeanFactory.createBean(AbstractAutowireCapableBeanFactory.java:522)
	at org.springframework.beans.factory.support.AbstractBeanFactory.lambda$doGetBean$0(AbstractBeanFactory.java:337)
	at org.springframework.beans.factory.support.DefaultSingletonBeanRegistry.getSingleton(DefaultSingletonBeanRegistry.java:234)
	at org.springframework.beans.factory.support.AbstractBeanFactory.doGetBean(AbstractBeanFactory.java:335)
	at org.springframework.beans.factory.support.AbstractBeanFactory.getBean(AbstractBeanFactory.java:205)
	at org.springframework.boot.web.servlet.ServletContextInitializerBeans.getOrderedBeansOfType(ServletContextInitializerBeans.java:211)
	at org.springframework.boot.web.servlet.ServletContextInitializerBeans.addAsRegistrationBean(ServletContextInitializerBeans.java:174)
	at org.springframework.boot.web.servlet.ServletContextInitializerBeans.addAsRegistrationBean(ServletContextInitializerBeans.java:169)
	at org.springframework.boot.web.servlet.ServletContextInitializerBeans.addAdaptableBeans(ServletContextInitializerBeans.java:154)
	at org.springframework.boot.web.servlet.ServletContextInitializerBeans.<init>(ServletContextInitializerBeans.java:87)
	at org.springframework.boot.web.servlet.context.ServletWebServerApplicationContext.getServletContextInitializerBeans(ServletWebServerApplicationContext.java:266)
	at org.springframework.boot.web.servlet.context.ServletWebServerApplicationContext.selfInitialize(ServletWebServerApplicationContext.java:240)
	at org.springframework.boot.web.embedded.tomcat.TomcatStarter.onStartup(TomcatStarter.java:52)
	at org.apache.catalina.core.StandardContext.startInternal(StandardContext.java:4414)
	at org.apache.catalina.util.LifecycleBase.start(LifecycleBase.java:164)
	at org.apache.catalina.core.ContainerBase$StartChild.call(ContainerBase.java:1203)
	at org.apache.catalina.core.ContainerBase$StartChild.call(ContainerBase.java:1193)
	at java.base/java.util.concurrent.FutureTask.run(FutureTask.java:264)
	at org.apache.tomcat.util.threads.InlineExecutorService.execute(InlineExecutorService.java:75)
	at java.base/java.util.concurrent.AbstractExecutorService.submit(AbstractExecutorService.java:145)
	at org.apache.catalina.core.ContainerBase.startInternal(ContainerBase.java:749)
	at org.apache.catalina.core.StandardHost.startInternal(StandardHost.java:772)
	at org.apache.catalina.util.LifecycleBase.start(LifecycleBase.java:164)
	at org.apache.catalina.core.ContainerBase$StartChild.call(ContainerBase.java:1203)
	at org.apache.catalina.core.ContainerBase$StartChild.call(ContainerBase.java:1193)
	at java.base/java.util.concurrent.FutureTask.run(FutureTask.java:264)
	at org.apache.tomcat.util.threads.InlineExecutorService.execute(InlineExecutorService.java:75)
	at java.base/java.util.concurrent.AbstractExecutorService.submit(AbstractExecutorService.java:145)
	at org.apache.catalina.core.ContainerBase.startInternal(ContainerBase.java:749)
	at org.apache.catalina.core.StandardEngine.startInternal(StandardEngine.java:203)
	at org.apache.catalina.util.LifecycleBase.start(LifecycleBase.java:164)
	at org.apache.catalina.core.StandardService.startInternal(StandardService.java:415)
	at org.apache.catalina.util.LifecycleBase.start(LifecycleBase.java:164)
	at org.apache.catalina.core.StandardServer.startInternal(StandardServer.java:874)
	at org.apache.catalina.util.LifecycleBase.start(LifecycleBase.java:164)
	at org.apache.catalina.startup.Tomcat.start(Tomcat.java:437)
	at org.springframework.boot.web.embedded.tomcat.TomcatWebServer.initialize(TomcatWebServer.java:128)
	... 18 common frames omitted
Caused by: org.springframework.beans.factory.UnsatisfiedDependencyException: Error creating bean with name 'userServiceImpl' defined in file [D:\Hobby-JAVA\spring-balancing\build\classes\java\main\com\example\balancing\services\user\UserServiceImpl.class]: Unsatisfied dependency expressed through constructor parameter 0: Error creating bean with name 'userRepository' defined in com.example.balancing.repository.UserRepository defined in @EnableJpaRepositories declared on JpaRepositoriesRegistrar.EnableJpaRepositoriesConfiguration: Cannot resolve reference to bean 'jpaSharedEM_entityManagerFactory' while setting bean property 'entityManager'
	at org.springframework.beans.factory.support.ConstructorResolver.createArgumentArray(ConstructorResolver.java:795)
	at org.springframework.beans.factory.support.ConstructorResolver.autowireConstructor(ConstructorResolver.java:237)
	at org.springframework.beans.factory.support.AbstractAutowireCapableBeanFactory.autowireConstructor(AbstractAutowireCapableBeanFactory.java:1375)
	at org.springframework.beans.factory.support.AbstractAutowireCapableBeanFactory.createBeanInstance(AbstractAutowireCapableBeanFactory.java:1212)
	at org.springframework.beans.factory.support.AbstractAutowireCapableBeanFactory.doCreateBean(AbstractAutowireCapableBeanFactory.java:562)
	at org.springframework.beans.factory.support.AbstractAutowireCapableBeanFactory.createBean(AbstractAutowireCapableBeanFactory.java:522)
	at org.springframework.beans.factory.support.AbstractBeanFactory.lambda$doGetBean$0(AbstractBeanFactory.java:337)
	at org.springframework.beans.factory.support.DefaultSingletonBeanRegistry.getSingleton(DefaultSingletonBeanRegistry.java:234)
	at org.springframework.beans.factory.support.AbstractBeanFactory.doGetBean(AbstractBeanFactory.java:335)
	at org.springframework.beans.factory.support.AbstractBeanFactory.getBean(AbstractBeanFactory.java:200)
	at org.springframework.beans.factory.config.DependencyDescriptor.resolveCandidate(DependencyDescriptor.java:254)
	at org.springframework.beans.factory.support.DefaultListableBeanFactory.doResolveDependency(DefaultListableBeanFactory.java:1443)
	at org.springframework.beans.factory.support.DefaultListableBeanFactory.resolveDependency(DefaultListableBeanFactory.java:1353)
	at org.springframework.beans.factory.support.ConstructorResolver.resolveAutowiredArgument(ConstructorResolver.java:904)
	at org.springframework.beans.factory.support.ConstructorResolver.createArgumentArray(ConstructorResolver.java:782)
	... 59 common frames omitted
Caused by: org.springframework.beans.factory.BeanCreationException: Error creating bean with name 'userRepository' defined in com.example.balancing.repository.UserRepository defined in @EnableJpaRepositories declared on JpaRepositoriesRegistrar.EnableJpaRepositoriesConfiguration: Cannot resolve reference to bean 'jpaSharedEM_entityManagerFactory' while setting bean property 'entityManager'
	at org.springframework.beans.factory.support.BeanDefinitionValueResolver.resolveReference(BeanDefinitionValueResolver.java:377)
	at org.springframework.beans.factory.support.BeanDefinitionValueResolver.resolveValueIfNecessary(BeanDefinitionValueResolver.java:135)
	at org.springframework.beans.factory.support.AbstractAutowireCapableBeanFactory.applyPropertyValues(AbstractAutowireCapableBeanFactory.java:1705)
	at org.springframework.beans.factory.support.AbstractAutowireCapableBeanFactory.populateBean(AbstractAutowireCapableBeanFactory.java:1454)
	at org.springframework.beans.factory.support.AbstractAutowireCapableBeanFactory.doCreateBean(AbstractAutowireCapableBeanFactory.java:599)
	at org.springframework.beans.factory.support.AbstractAutowireCapableBeanFactory.createBean(AbstractAutowireCapableBeanFactory.java:522)
	at org.springframework.beans.factory.support.AbstractBeanFactory.lambda$doGetBean$0(AbstractBeanFactory.java:337)
	at org.springframework.beans.factory.support.DefaultSingletonBeanRegistry.getSingleton(DefaultSingletonBeanRegistry.java:234)
	at org.springframework.beans.factory.support.AbstractBeanFactory.doGetBean(AbstractBeanFactory.java:335)
	at org.springframework.beans.factory.support.AbstractBeanFactory.getBean(AbstractBeanFactory.java:200)
	at org.springframework.beans.factory.config.DependencyDescriptor.resolveCandidate(DependencyDescriptor.java:254)
	at org.springframework.beans.factory.support.DefaultListableBeanFactory.doResolveDependency(DefaultListableBeanFactory.java:1443)
	at org.springframework.beans.factory.support.DefaultListableBeanFactory.resolveDependency(DefaultListableBeanFactory.java:1353)
	at org.springframework.beans.factory.support.ConstructorResolver.resolveAutowiredArgument(ConstructorResolver.java:904)
	at org.springframework.beans.factory.support.ConstructorResolver.createArgumentArray(ConstructorResolver.java:782)
	... 73 common frames omitted
Caused by: org.springframework.beans.factory.BeanCreationException: Error creating bean with name 'jpaSharedEM_entityManagerFactory': Cannot resolve reference to bean 'entityManagerFactory' while setting constructor argument
	at org.springframework.beans.factory.support.BeanDefinitionValueResolver.resolveReference(BeanDefinitionValueResolver.java:377)
	at org.springframework.beans.factory.support.BeanDefinitionValueResolver.resolveValueIfNecessary(BeanDefinitionValueResolver.java:135)
	at org.springframework.beans.factory.support.ConstructorResolver.resolveConstructorArguments(ConstructorResolver.java:682)
	at org.springframework.beans.factory.support.ConstructorResolver.instantiateUsingFactoryMethod(ConstructorResolver.java:509)
	at org.springframework.beans.factory.support.AbstractAutowireCapableBeanFactory.instantiateUsingFactoryMethod(AbstractAutowireCapableBeanFactory.java:1355)
	at org.springframework.beans.factory.support.AbstractAutowireCapableBeanFactory.createBeanInstance(AbstractAutowireCapableBeanFactory.java:1185)
	at org.springframework.beans.factory.support.AbstractAutowireCapableBeanFactory.doCreateBean(AbstractAutowireCapableBeanFactory.java:562)
	at org.springframework.beans.factory.support.AbstractAutowireCapableBeanFactory.createBean(AbstractAutowireCapableBeanFactory.java:522)
	at org.springframework.beans.factory.support.AbstractBeanFactory.lambda$doGetBean$0(AbstractBeanFactory.java:337)
	at org.springframework.beans.factory.support.DefaultSingletonBeanRegistry.getSingleton(DefaultSingletonBeanRegistry.java:234)
	at org.springframework.beans.factory.support.AbstractBeanFactory.doGetBean(AbstractBeanFactory.java:335)
	at org.springframework.beans.factory.support.AbstractBeanFactory.getBean(AbstractBeanFactory.java:200)
	at org.springframework.beans.factory.support.BeanDefinitionValueResolver.resolveReference(BeanDefinitionValueResolver.java:365)
	... 87 common frames omitted
Caused by: org.springframework.beans.factory.BeanCreationException: Error creating bean with name 'entityManagerFactory' defined in class path resource [org/springframework/boot/autoconfigure/orm/jpa/HibernateJpaConfiguration.class]: [PersistenceUnit: default] Unable to build Hibernate SessionFactory; nested exception is org.hibernate.MappingException: Column 'station_id' is duplicated in mapping for entity 'com.example.balancing.entity.Unit' (use '@Column(insertable=false, updatable=false)' when mapping multiple properties to the same column)
	at org.springframework.beans.factory.support.AbstractAutowireCapableBeanFactory.initializeBean(AbstractAutowireCapableBeanFactory.java:1806)
	at org.springframework.beans.factory.support.AbstractAutowireCapableBeanFactory.doCreateBean(AbstractAutowireCapableBeanFactory.java:600)
	at org.springframework.beans.factory.support.AbstractAutowireCapableBeanFactory.createBean(AbstractAutowireCapableBeanFactory.java:522)
	at org.springframework.beans.factory.support.AbstractBeanFactory.lambda$doGetBean$0(AbstractBeanFactory.java:337)
	at org.springframework.beans.factory.support.DefaultSingletonBeanRegistry.getSingleton(DefaultSingletonBeanRegistry.java:234)
	at org.springframework.beans.factory.support.AbstractBeanFactory.doGetBean(AbstractBeanFactory.java:335)
	at org.springframework.beans.factory.support.AbstractBeanFactory.getBean(AbstractBeanFactory.java:200)
	at org.springframework.beans.factory.support.BeanDefinitionValueResolver.resolveReference(BeanDefinitionValueResolver.java:365)
	... 99 common frames omitted
Caused by: jakarta.persistence.PersistenceException: [PersistenceUnit: default] Unable to build Hibernate SessionFactory; nested exception is org.hibernate.MappingException: Column 'station_id' is duplicated in mapping for entity 'com.example.balancing.entity.Unit' (use '@Column(insertable=false, updatable=false)' when mapping multiple properties to the same column)
	at org.springframework.orm.jpa.AbstractEntityManagerFactoryBean.buildNativeEntityManagerFactory(AbstractEntityManagerFactoryBean.java:421)
	at org.springframework.orm.jpa.AbstractEntityManagerFactoryBean.afterPropertiesSet(AbstractEntityManagerFactoryBean.java:396)
	at org.springframework.orm.jpa.LocalContainerEntityManagerFactoryBean.afterPropertiesSet(LocalContainerEntityManagerFactoryBean.java:366)
	at org.springframework.beans.factory.support.AbstractAutowireCapableBeanFactory.invokeInitMethods(AbstractAutowireCapableBeanFactory.java:1853)
	at org.springframework.beans.factory.support.AbstractAutowireCapableBeanFactory.initializeBean(AbstractAutowireCapableBeanFactory.java:1802)
	... 106 common frames omitted
Caused by: org.hibernate.MappingException: Column 'station_id' is duplicated in mapping for entity 'com.example.balancing.entity.Unit' (use '@Column(insertable=false, updatable=false)' when mapping multiple properties to the same column)
	at org.hibernate.mapping.Value.checkColumnDuplication(Value.java:196)
	at org.hibernate.mapping.MappingHelper.checkPropertyColumnDuplication(MappingHelper.java:251)
	at org.hibernate.mapping.PersistentClass.checkColumnDuplication(PersistentClass.java:939)
	at org.hibernate.mapping.PersistentClass.validate(PersistentClass.java:694)
	at org.hibernate.mapping.RootClass.validate(RootClass.java:276)
	at org.hibernate.boot.internal.MetadataImpl.validate(MetadataImpl.java:496)
	at org.hibernate.internal.SessionFactoryImpl.<init>(SessionFactoryImpl.java:280)
	at org.hibernate.boot.internal.SessionFactoryBuilderImpl.build(SessionFactoryBuilderImpl.java:457)
	at org.hibernate.jpa.boot.internal.EntityManagerFactoryBuilderImpl.build(EntityManagerFactoryBuilderImpl.java:1506)
	at org.springframework.orm.jpa.vendor.SpringHibernateJpaPersistenceProvider.createContainerEntityManagerFactory(SpringHibernateJpaPersistenceProvider.java:75)
	at org.springframework.orm.jpa.LocalContainerEntityManagerFactoryBean.createNativeEntityManagerFactory(LocalContainerEntityManagerFactoryBean.java:390)
	at org.springframework.orm.jpa.AbstractEntityManagerFactoryBean.buildNativeEntityManagerFactory(AbstractEntityManagerFactoryBean.java:409)
	... 110 common frames omitted
2025-12-27 18:49:13 INFO  o.h.validator.internal.util.Version - HV000001: Hibernate Validator 8.0.1.Final
2025-12-27 18:49:13 INFO  c.e.balancing.BalancingApplication - Starting BalancingApplication using Java 17.0.6 with PID 17608 (D:\Hobby-JAVA\spring-balancing\build\classes\java\main started by kraj in D:\Hobby-JAVA\spring-balancing)
2025-12-27 18:49:13 INFO  c.e.balancing.BalancingApplication - No active profile set, falling back to 1 default profile: "default"
2025-12-27 18:49:13 INFO  o.s.b.d.e.DevToolsPropertyDefaultsPostProcessor - Devtools property defaults active! Set 'spring.devtools.add-properties' to 'false' to disable
2025-12-27 18:49:13 INFO  o.s.b.d.e.DevToolsPropertyDefaultsPostProcessor - For additional web related logging consider setting the 'logging.level.web' property to 'DEBUG'
2025-12-27 18:49:14 INFO  o.s.d.r.c.RepositoryConfigurationDelegate - Bootstrapping Spring Data JPA repositories in DEFAULT mode.
2025-12-27 18:49:14 INFO  o.s.d.r.c.RepositoryConfigurationDelegate - Finished Spring Data repository scanning in 60 ms. Found 6 JPA repository interfaces.
2025-12-27 18:49:15 INFO  o.s.b.w.e.tomcat.TomcatWebServer - Tomcat initialized with port 8080 (http)
2025-12-27 18:49:15 INFO  o.a.coyote.http11.Http11NioProtocol - Initializing ProtocolHandler ["http-nio-8080"]
2025-12-27 18:49:15 INFO  o.a.catalina.core.StandardService - Starting service [Tomcat]
2025-12-27 18:49:15 INFO  o.a.catalina.core.StandardEngine - Starting Servlet engine: [Apache Tomcat/10.1.26]
2025-12-27 18:49:15 INFO  o.a.c.c.C.[Tomcat].[localhost].[/] - Initializing Spring embedded WebApplicationContext
2025-12-27 18:49:15 INFO  o.s.b.w.s.c.ServletWebServerApplicationContext - Root WebApplicationContext: initialization completed in 1495 ms
2025-12-27 18:49:15 INFO  com.zaxxer.hikari.HikariDataSource - HikariPool-1 - Starting...
2025-12-27 18:49:15 INFO  com.zaxxer.hikari.pool.HikariPool - HikariPool-1 - Added connection org.postgresql.jdbc.PgConnection@7afdb99
2025-12-27 18:49:15 INFO  com.zaxxer.hikari.HikariDataSource - HikariPool-1 - Start completed.
2025-12-27 18:49:15 DEBUG n.t.d.l.l.SLF4JQueryLoggingListener - 
Name:dataSource, Connection:1, Time:3, Success:True
Type:Statement, Batch:False, QuerySize:1, BatchSize:0
Query:["select version()"]
Params:[]
2025-12-27 18:49:15 DEBUG n.t.d.l.l.SLF4JQueryLoggingListener - 
Name:dataSource, Connection:1, Time:1, Success:True
Type:Statement, Batch:False, QuerySize:1, BatchSize:0
Query:["select version()"]
Params:[]
2025-12-27 18:49:15 DEBUG n.t.d.l.l.SLF4JQueryLoggingListener - 
Name:dataSource, Connection:1, Time:1, Success:True
Type:Statement, Batch:False, QuerySize:1, BatchSize:0
Query:["select setting from pg_settings where name = 'edb_redwood_date'"]
Params:[]
2025-12-27 18:49:15 DEBUG n.t.d.l.l.SLF4JQueryLoggingListener - 
Name:dataSource, Connection:1, Time:1, Success:True
Type:Callable, Batch:False, QuerySize:1, BatchSize:0
Query:["select current_schema()"]
Params:[()]
2025-12-27 18:49:15 INFO  liquibase.database - Set default schema name to public
2025-12-27 18:49:16 DEBUG n.t.d.l.l.SLF4JQueryLoggingListener - 
Name:dataSource, Connection:1, Time:2, Success:True
Type:Statement, Batch:False, QuerySize:1, BatchSize:0
Query:["SELECT MD5SUM FROM public.databasechangelog WHERE MD5SUM IS NOT NULL"]
Params:[]
2025-12-27 18:49:16 DEBUG n.t.d.l.l.SLF4JQueryLoggingListener - 
Name:dataSource, Connection:1, Time:1, Success:True
Type:Statement, Batch:False, QuerySize:1, BatchSize:0
Query:["SELECT COUNT(*) FROM public.databasechangelog"]
Params:[]
2025-12-27 18:49:16 INFO  liquibase.changelog - Reading from public.databasechangelog
2025-12-27 18:49:16 DEBUG n.t.d.l.l.SLF4JQueryLoggingListener - 
Name:dataSource, Connection:1, Time:1, Success:True
Type:Statement, Batch:False, QuerySize:1, BatchSize:0
Query:["SELECT * FROM public.databasechangelog ORDER BY DATEEXECUTED ASC, ORDEREXECUTED ASC"]
Params:[]
2025-12-27 18:49:16 DEBUG n.t.d.l.l.SLF4JQueryLoggingListener - 
Name:dataSource, Connection:1, Time:1, Success:True
Type:Statement, Batch:False, QuerySize:1, BatchSize:0
Query:["SELECT COUNT(*) FROM public.databasechangeloglock"]
Params:[]
2025-12-27 18:49:16 DEBUG n.t.d.l.l.SLF4JQueryLoggingListener - 
Name:dataSource, Connection:1, Time:0, Success:True
Type:Statement, Batch:False, QuerySize:1, BatchSize:0
Query:["SELECT COUNT(*) FROM public.databasechangeloglock"]
Params:[]
2025-12-27 18:49:16 DEBUG n.t.d.l.l.SLF4JQueryLoggingListener - 
Name:dataSource, Connection:1, Time:1, Success:True
Type:Statement, Batch:False, QuerySize:1, BatchSize:0
Query:["SHOW SEARCH_PATH"]
Params:[]
2025-12-27 18:49:16 DEBUG n.t.d.l.l.SLF4JQueryLoggingListener - 
Name:dataSource, Connection:1, Time:1, Success:True
Type:Statement, Batch:False, QuerySize:1, BatchSize:0
Query:["SET SEARCH_PATH TO public, "$user","public""]
Params:[]
2025-12-27 18:49:16 DEBUG n.t.d.l.l.SLF4JQueryLoggingListener - 
Name:dataSource, Connection:1, Time:0, Success:True
Type:Statement, Batch:False, QuerySize:1, BatchSize:0
Query:["SHOW SEARCH_PATH"]
Params:[]
2025-12-27 18:49:16 DEBUG n.t.d.l.l.SLF4JQueryLoggingListener - 
Name:dataSource, Connection:1, Time:1, Success:True
Type:Statement, Batch:False, QuerySize:1, BatchSize:0
Query:["SET SEARCH_PATH TO public, "$user","public""]
Params:[]
2025-12-27 18:49:16 INFO  liquibase.ui - Database is up to date, no changesets to execute
2025-12-27 18:49:16 DEBUG n.t.d.l.l.SLF4JQueryLoggingListener - 
Name:dataSource, Connection:1, Time:1, Success:True
Type:Statement, Batch:False, QuerySize:1, BatchSize:0
Query:["SELECT COUNT(*) FROM public.databasechangelog"]
Params:[]
2025-12-27 18:49:16 INFO  liquibase.changelog - Reading from public.databasechangelog
2025-12-27 18:49:16 DEBUG n.t.d.l.l.SLF4JQueryLoggingListener - 
Name:dataSource, Connection:1, Time:1, Success:True
Type:Statement, Batch:False, QuerySize:1, BatchSize:0
Query:["SELECT * FROM public.databasechangelog ORDER BY DATEEXECUTED ASC, ORDEREXECUTED ASC"]
Params:[]
2025-12-27 18:49:16 INFO  liquibase.util - UPDATE SUMMARY
2025-12-27 18:49:16 INFO  liquibase.util - Run:                          0
2025-12-27 18:49:16 INFO  liquibase.util - Previously run:               1
2025-12-27 18:49:16 INFO  liquibase.util - Filtered out:                 0
2025-12-27 18:49:16 INFO  liquibase.util - -------------------------------
2025-12-27 18:49:16 INFO  liquibase.util - Total change sets:            1
2025-12-27 18:49:16 INFO  liquibase.util - Update summary generated
2025-12-27 18:49:16 DEBUG n.t.d.l.l.SLF4JQueryLoggingListener - 
Name:dataSource, Connection:1, Time:0, Success:True
Type:Statement, Batch:False, QuerySize:1, BatchSize:0
Query:["SHOW SEARCH_PATH"]
Params:[]
2025-12-27 18:49:16 DEBUG n.t.d.l.l.SLF4JQueryLoggingListener - 
Name:dataSource, Connection:1, Time:1, Success:True
Type:Statement, Batch:False, QuerySize:1, BatchSize:0
Query:["SET SEARCH_PATH TO public, "$user","public""]
Params:[]
2025-12-27 18:49:16 DEBUG n.t.d.l.l.SLF4JQueryLoggingListener - 
Name:dataSource, Connection:1, Time:2, Success:True
Type:Statement, Batch:False, QuerySize:1, BatchSize:0
Query:["UPDATE public.databasechangeloglock SET LOCKED = FALSE, LOCKEDBY = NULL, LOCKGRANTED = NULL WHERE ID = 1"]
Params:[]
2025-12-27 18:49:16 INFO  liquibase.lockservice - Successfully released change log lock
2025-12-27 18:49:16 DEBUG n.t.d.l.l.SLF4JQueryLoggingListener - 
Name:dataSource, Connection:1, Time:1, Success:True
Type:Statement, Batch:False, QuerySize:1, BatchSize:0
Query:["SHOW SEARCH_PATH"]
Params:[]
2025-12-27 18:49:16 INFO  liquibase.command - Command execution complete
2025-12-27 18:49:16 INFO  o.h.jpa.internal.util.LogHelper - HHH000204: Processing PersistenceUnitInfo [name: default]
2025-12-27 18:49:16 INFO  org.hibernate.Version - HHH000412: Hibernate ORM core version 6.5.2.Final
2025-12-27 18:49:16 INFO  o.h.c.i.RegionFactoryInitiator - HHH000026: Second-level cache disabled
2025-12-27 18:49:16 INFO  o.s.o.j.p.SpringPersistenceUnitInfo - No LoadTimeWeaver setup: ignoring JPA class transformer
2025-12-27 18:49:16 DEBUG n.t.d.l.l.SLF4JQueryLoggingListener - 
Name:dataSource, Connection:3, Time:2, Success:True
Type:Prepared, Batch:False, QuerySize:1, BatchSize:0
Query:["select * from information_schema.sequences"]
Params:[()]
2025-12-27 18:49:17 INFO  o.h.e.t.j.p.i.JtaPlatformInitiator - HHH000489: No JTA platform available (set 'hibernate.transaction.jta.platform' to enable JTA platform integration)
2025-12-27 18:49:17 INFO  o.s.o.j.LocalContainerEntityManagerFactoryBean - Initialized JPA EntityManagerFactory for persistence unit 'default'
2025-12-27 18:49:17 INFO  o.s.d.j.r.query.QueryEnhancerFactory - Hibernate is in classpath; If applicable, HQL parser will be used.
2025-12-27 18:49:17 INFO  o.s.s.c.a.a.c.InitializeAuthenticationProviderBeanManagerConfigurer$InitializeAuthenticationProviderManagerConfigurer - Global AuthenticationManager configured with AuthenticationProvider bean with name authenticationProvider
2025-12-27 18:49:17 WARN  o.s.s.c.a.a.c.InitializeUserDetailsBeanManagerConfigurer$InitializeUserDetailsManagerConfigurer - Global AuthenticationManager configured with an AuthenticationProvider bean. UserDetailsService beans will not be used for username/password login. Consider removing the AuthenticationProvider bean. Alternatively, consider using the UserDetailsService in a manually instantiated DaoAuthenticationProvider.
2025-12-27 18:49:17 WARN  o.s.b.w.s.c.AnnotationConfigServletWebServerApplicationContext - Exception encountered during context initialization - cancelling refresh attempt: org.springframework.beans.factory.UnsatisfiedDependencyException: Error creating bean with name 'stationServiceImpl': Unsatisfied dependency expressed through field 'stationRepository': Error creating bean with name 'stationRepository' defined in com.example.balancing.repository.StationRepository defined in @EnableJpaRepositories declared on JpaRepositoriesRegistrar.EnableJpaRepositoriesConfiguration: Could not create query for public abstract java.util.Optional com.example.balancing.repository.StationRepository.findByUser(java.lang.Long); Reason: Failed to create query for method public abstract java.util.Optional com.example.balancing.repository.StationRepository.findByUser(java.lang.Long); Cannot compare left expression of type 'com.example.balancing.entity.user.User' with right expression of type 'java.lang.Long'
2025-12-27 18:49:17 INFO  o.s.o.j.LocalContainerEntityManagerFactoryBean - Closing JPA EntityManagerFactory for persistence unit 'default'
2025-12-27 18:49:17 INFO  com.zaxxer.hikari.HikariDataSource - HikariPool-1 - Shutdown initiated...
2025-12-27 18:49:17 INFO  com.zaxxer.hikari.HikariDataSource - HikariPool-1 - Shutdown completed.
2025-12-27 18:49:17 INFO  o.a.catalina.core.StandardService - Stopping service [Tomcat]
2025-12-27 18:49:17 WARN  o.a.c.loader.WebappClassLoaderBase - The web application [ROOT] appears to have started a thread named [pool-2-thread-1] but has failed to stop it. This is very likely to create a memory leak. Stack trace of thread:
 java.base@17.0.6/jdk.internal.misc.Unsafe.park(Native Method)
 java.base@17.0.6/java.util.concurrent.locks.LockSupport.parkNanos(LockSupport.java:252)
 java.base@17.0.6/java.util.concurrent.locks.AbstractQueuedSynchronizer$ConditionObject.awaitNanos(AbstractQueuedSynchronizer.java:1672)
 java.base@17.0.6/java.util.concurrent.ScheduledThreadPoolExecutor$DelayedWorkQueue.take(ScheduledThreadPoolExecutor.java:1182)
 java.base@17.0.6/java.util.concurrent.ScheduledThreadPoolExecutor$DelayedWorkQueue.take(ScheduledThreadPoolExecutor.java:899)
 java.base@17.0.6/java.util.concurrent.ThreadPoolExecutor.getTask(ThreadPoolExecutor.java:1062)
 java.base@17.0.6/java.util.concurrent.ThreadPoolExecutor.runWorker(ThreadPoolExecutor.java:1122)
 java.base@17.0.6/java.util.concurrent.ThreadPoolExecutor$Worker.run(ThreadPoolExecutor.java:635)
 java.base@17.0.6/java.lang.Thread.run(Thread.java:833)
2025-12-27 18:49:17 INFO  o.s.b.a.l.ConditionEvaluationReportLogger - 

Error starting ApplicationContext. To display the condition evaluation report re-run your application with 'debug' enabled.
2025-12-27 18:49:17 ERROR o.s.boot.SpringApplication - Application run failed
org.springframework.beans.factory.UnsatisfiedDependencyException: Error creating bean with name 'stationServiceImpl': Unsatisfied dependency expressed through field 'stationRepository': Error creating bean with name 'stationRepository' defined in com.example.balancing.repository.StationRepository defined in @EnableJpaRepositories declared on JpaRepositoriesRegistrar.EnableJpaRepositoriesConfiguration: Could not create query for public abstract java.util.Optional com.example.balancing.repository.StationRepository.findByUser(java.lang.Long); Reason: Failed to create query for method public abstract java.util.Optional com.example.balancing.repository.StationRepository.findByUser(java.lang.Long); Cannot compare left expression of type 'com.example.balancing.entity.user.User' with right expression of type 'java.lang.Long'
	at org.springframework.beans.factory.annotation.AutowiredAnnotationBeanPostProcessor$AutowiredFieldElement.resolveFieldValue(AutowiredAnnotationBeanPostProcessor.java:787)
	at org.springframework.beans.factory.annotation.AutowiredAnnotationBeanPostProcessor$AutowiredFieldElement.inject(AutowiredAnnotationBeanPostProcessor.java:767)
	at org.springframework.beans.factory.annotation.InjectionMetadata.inject(InjectionMetadata.java:145)
	at org.springframework.beans.factory.annotation.AutowiredAnnotationBeanPostProcessor.postProcessProperties(AutowiredAnnotationBeanPostProcessor.java:508)
	at org.springframework.beans.factory.support.AbstractAutowireCapableBeanFactory.populateBean(AbstractAutowireCapableBeanFactory.java:1439)
	at org.springframework.beans.factory.support.AbstractAutowireCapableBeanFactory.doCreateBean(AbstractAutowireCapableBeanFactory.java:599)
	at org.springframework.beans.factory.support.AbstractAutowireCapableBeanFactory.createBean(AbstractAutowireCapableBeanFactory.java:522)
	at org.springframework.beans.factory.support.AbstractBeanFactory.lambda$doGetBean$0(AbstractBeanFactory.java:337)
	at org.springframework.beans.factory.support.DefaultSingletonBeanRegistry.getSingleton(DefaultSingletonBeanRegistry.java:234)
	at org.springframework.beans.factory.support.AbstractBeanFactory.doGetBean(AbstractBeanFactory.java:335)
	at org.springframework.beans.factory.support.AbstractBeanFactory.getBean(AbstractBeanFactory.java:200)
	at org.springframework.beans.factory.support.DefaultListableBeanFactory.preInstantiateSingletons(DefaultListableBeanFactory.java:975)
	at org.springframework.context.support.AbstractApplicationContext.finishBeanFactoryInitialization(AbstractApplicationContext.java:971)
	at org.springframework.context.support.AbstractApplicationContext.refresh(AbstractApplicationContext.java:625)
	at org.springframework.boot.web.servlet.context.ServletWebServerApplicationContext.refresh(ServletWebServerApplicationContext.java:146)
	at org.springframework.boot.SpringApplication.refresh(SpringApplication.java:754)
	at org.springframework.boot.SpringApplication.refreshContext(SpringApplication.java:456)
	at org.springframework.boot.SpringApplication.run(SpringApplication.java:335)
	at org.springframework.boot.SpringApplication.run(SpringApplication.java:1363)
	at org.springframework.boot.SpringApplication.run(SpringApplication.java:1352)
	at com.example.balancing.BalancingApplication.main(BalancingApplication.java:9)
	at java.base/jdk.internal.reflect.NativeMethodAccessorImpl.invoke0(Native Method)
	at java.base/jdk.internal.reflect.NativeMethodAccessorImpl.invoke(NativeMethodAccessorImpl.java:77)
	at java.base/jdk.internal.reflect.DelegatingMethodAccessorImpl.invoke(DelegatingMethodAccessorImpl.java:43)
	at java.base/java.lang.reflect.Method.invoke(Method.java:568)
	at org.springframework.boot.devtools.restart.RestartLauncher.run(RestartLauncher.java:50)
Caused by: org.springframework.beans.factory.BeanCreationException: Error creating bean with name 'stationRepository' defined in com.example.balancing.repository.StationRepository defined in @EnableJpaRepositories declared on JpaRepositoriesRegistrar.EnableJpaRepositoriesConfiguration: Could not create query for public abstract java.util.Optional com.example.balancing.repository.StationRepository.findByUser(java.lang.Long); Reason: Failed to create query for method public abstract java.util.Optional com.example.balancing.repository.StationRepository.findByUser(java.lang.Long); Cannot compare left expression of type 'com.example.balancing.entity.user.User' with right expression of type 'java.lang.Long'
	at org.springframework.beans.factory.support.AbstractAutowireCapableBeanFactory.initializeBean(AbstractAutowireCapableBeanFactory.java:1806)
	at org.springframework.beans.factory.support.AbstractAutowireCapableBeanFactory.doCreateBean(AbstractAutowireCapableBeanFactory.java:600)
	at org.springframework.beans.factory.support.AbstractAutowireCapableBeanFactory.createBean(AbstractAutowireCapableBeanFactory.java:522)
	at org.springframework.beans.factory.support.AbstractBeanFactory.lambda$doGetBean$0(AbstractBeanFactory.java:337)
	at org.springframework.beans.factory.support.DefaultSingletonBeanRegistry.getSingleton(DefaultSingletonBeanRegistry.java:234)
	at org.springframework.beans.factory.support.AbstractBeanFactory.doGetBean(AbstractBeanFactory.java:335)
	at org.springframework.beans.factory.support.AbstractBeanFactory.getBean(AbstractBeanFactory.java:200)
	at org.springframework.beans.factory.config.DependencyDescriptor.resolveCandidate(DependencyDescriptor.java:254)
	at org.springframework.beans.factory.support.DefaultListableBeanFactory.doResolveDependency(DefaultListableBeanFactory.java:1443)
	at org.springframework.beans.factory.support.DefaultListableBeanFactory.resolveDependency(DefaultListableBeanFactory.java:1353)
	at org.springframework.beans.factory.annotation.AutowiredAnnotationBeanPostProcessor$AutowiredFieldElement.resolveFieldValue(AutowiredAnnotationBeanPostProcessor.java:784)
	... 25 common frames omitted
Caused by: org.springframework.data.repository.query.QueryCreationException: Could not create query for public abstract java.util.Optional com.example.balancing.repository.StationRepository.findByUser(java.lang.Long); Reason: Failed to create query for method public abstract java.util.Optional com.example.balancing.repository.StationRepository.findByUser(java.lang.Long); Cannot compare left expression of type 'com.example.balancing.entity.user.User' with right expression of type 'java.lang.Long'
	at org.springframework.data.repository.query.QueryCreationException.create(QueryCreationException.java:101)
	at org.springframework.data.repository.core.support.QueryExecutorMethodInterceptor.lookupQuery(QueryExecutorMethodInterceptor.java:115)
	at org.springframework.data.repository.core.support.QueryExecutorMethodInterceptor.mapMethodsToQuery(QueryExecutorMethodInterceptor.java:99)
	at org.springframework.data.repository.core.support.QueryExecutorMethodInterceptor.lambda$new$0(QueryExecutorMethodInterceptor.java:88)
	at java.base/java.util.Optional.map(Optional.java:260)
	at org.springframework.data.repository.core.support.QueryExecutorMethodInterceptor.<init>(QueryExecutorMethodInterceptor.java:88)
	at org.springframework.data.repository.core.support.RepositoryFactorySupport.getRepository(RepositoryFactorySupport.java:357)
	at org.springframework.data.repository.core.support.RepositoryFactoryBeanSupport.lambda$afterPropertiesSet$5(RepositoryFactoryBeanSupport.java:286)
	at org.springframework.data.util.Lazy.getNullable(Lazy.java:135)
	at org.springframework.data.util.Lazy.get(Lazy.java:113)
	at org.springframework.data.repository.core.support.RepositoryFactoryBeanSupport.afterPropertiesSet(RepositoryFactoryBeanSupport.java:292)
	at org.springframework.data.jpa.repository.support.JpaRepositoryFactoryBean.afterPropertiesSet(JpaRepositoryFactoryBean.java:132)
	at org.springframework.beans.factory.support.AbstractAutowireCapableBeanFactory.invokeInitMethods(AbstractAutowireCapableBeanFactory.java:1853)
	at org.springframework.beans.factory.support.AbstractAutowireCapableBeanFactory.initializeBean(AbstractAutowireCapableBeanFactory.java:1802)
	... 35 common frames omitted
Caused by: java.lang.IllegalArgumentException: Failed to create query for method public abstract java.util.Optional com.example.balancing.repository.StationRepository.findByUser(java.lang.Long); Cannot compare left expression of type 'com.example.balancing.entity.user.User' with right expression of type 'java.lang.Long'
	at org.springframework.data.jpa.repository.query.PartTreeJpaQuery.<init>(PartTreeJpaQuery.java:107)
	at org.springframework.data.jpa.repository.query.JpaQueryLookupStrategy$CreateQueryLookupStrategy.resolveQuery(JpaQueryLookupStrategy.java:124)
	at org.springframework.data.jpa.repository.query.JpaQueryLookupStrategy$CreateIfNotFoundQueryLookupStrategy.resolveQuery(JpaQueryLookupStrategy.java:258)
	at org.springframework.data.jpa.repository.query.JpaQueryLookupStrategy$AbstractQueryLookupStrategy.resolveQuery(JpaQueryLookupStrategy.java:95)
	at org.springframework.data.repository.core.support.QueryExecutorMethodInterceptor.lookupQuery(QueryExecutorMethodInterceptor.java:111)
	... 47 common frames omitted
Caused by: org.hibernate.query.SemanticException: Cannot compare left expression of type 'com.example.balancing.entity.user.User' with right expression of type 'java.lang.Long'
	at org.hibernate.query.sqm.internal.TypecheckUtil.assertComparable(TypecheckUtil.java:358)
	at org.hibernate.query.sqm.tree.predicate.SqmComparisonPredicate.<init>(SqmComparisonPredicate.java:48)
	at org.hibernate.query.sqm.tree.predicate.SqmComparisonPredicate.<init>(SqmComparisonPredicate.java:34)
	at org.hibernate.query.sqm.internal.SqmCriteriaNodeBuilder.equal(SqmCriteriaNodeBuilder.java:2143)
	at org.hibernate.query.sqm.internal.SqmCriteriaNodeBuilder.equal(SqmCriteriaNodeBuilder.java:190)
	at org.springframework.data.jpa.repository.query.JpaQueryCreator$PredicateBuilder.build(JpaQueryCreator.java:312)
	at org.springframework.data.jpa.repository.query.JpaQueryCreator.toPredicate(JpaQueryCreator.java:210)
	at org.springframework.data.jpa.repository.query.JpaQueryCreator.create(JpaQueryCreator.java:121)
	at org.springframework.data.jpa.repository.query.JpaQueryCreator.create(JpaQueryCreator.java:1)
	at org.springframework.data.repository.query.parser.AbstractQueryCreator.createCriteria(AbstractQueryCreator.java:119)
	at org.springframework.data.repository.query.parser.AbstractQueryCreator.createQuery(AbstractQueryCreator.java:95)
	at org.springframework.data.repository.query.parser.AbstractQueryCreator.createQuery(AbstractQueryCreator.java:81)
	at org.springframework.data.jpa.repository.query.PartTreeJpaQuery$QueryPreparer.<init>(PartTreeJpaQuery.java:224)
	at org.springframework.data.jpa.repository.query.PartTreeJpaQuery$CountQueryPreparer.<init>(PartTreeJpaQuery.java:370)
	at org.springframework.data.jpa.repository.query.PartTreeJpaQuery.<init>(PartTreeJpaQuery.java:103)
	... 51 common frames omitted
2025-12-27 18:51:32 INFO  o.h.validator.internal.util.Version - HV000001: Hibernate Validator 8.0.1.Final
2025-12-27 18:51:32 INFO  c.e.balancing.BalancingApplication - Starting BalancingApplication using Java 17.0.6 with PID 13508 (D:\Hobby-JAVA\spring-balancing\build\classes\java\main started by kraj in D:\Hobby-JAVA\spring-balancing)
2025-12-27 18:51:32 INFO  c.e.balancing.BalancingApplication - No active profile set, falling back to 1 default profile: "default"
2025-12-27 18:51:32 INFO  o.s.b.d.e.DevToolsPropertyDefaultsPostProcessor - Devtools property defaults active! Set 'spring.devtools.add-properties' to 'false' to disable
2025-12-27 18:51:32 INFO  o.s.b.d.e.DevToolsPropertyDefaultsPostProcessor - For additional web related logging consider setting the 'logging.level.web' property to 'DEBUG'
2025-12-27 18:51:33 INFO  o.s.d.r.c.RepositoryConfigurationDelegate - Bootstrapping Spring Data JPA repositories in DEFAULT mode.
2025-12-27 18:51:33 INFO  o.s.d.r.c.RepositoryConfigurationDelegate - Finished Spring Data repository scanning in 65 ms. Found 6 JPA repository interfaces.
2025-12-27 18:51:34 INFO  o.s.b.w.e.tomcat.TomcatWebServer - Tomcat initialized with port 8080 (http)
2025-12-27 18:51:34 INFO  o.a.coyote.http11.Http11NioProtocol - Initializing ProtocolHandler ["http-nio-8080"]
2025-12-27 18:51:34 INFO  o.a.catalina.core.StandardService - Starting service [Tomcat]
2025-12-27 18:51:34 INFO  o.a.catalina.core.StandardEngine - Starting Servlet engine: [Apache Tomcat/10.1.26]
2025-12-27 18:51:34 INFO  o.a.c.c.C.[Tomcat].[localhost].[/] - Initializing Spring embedded WebApplicationContext
2025-12-27 18:51:34 INFO  o.s.b.w.s.c.ServletWebServerApplicationContext - Root WebApplicationContext: initialization completed in 1668 ms
2025-12-27 18:51:34 INFO  com.zaxxer.hikari.HikariDataSource - HikariPool-1 - Starting...
2025-12-27 18:51:34 INFO  com.zaxxer.hikari.pool.HikariPool - HikariPool-1 - Added connection org.postgresql.jdbc.PgConnection@7dc089da
2025-12-27 18:51:34 INFO  com.zaxxer.hikari.HikariDataSource - HikariPool-1 - Start completed.
2025-12-27 18:51:35 DEBUG n.t.d.l.l.SLF4JQueryLoggingListener - 
Name:dataSource, Connection:1, Time:6, Success:True
Type:Statement, Batch:False, QuerySize:1, BatchSize:0
Query:["select version()"]
Params:[]
2025-12-27 18:51:35 DEBUG n.t.d.l.l.SLF4JQueryLoggingListener - 
Name:dataSource, Connection:1, Time:1, Success:True
Type:Statement, Batch:False, QuerySize:1, BatchSize:0
Query:["select version()"]
Params:[]
2025-12-27 18:51:35 DEBUG n.t.d.l.l.SLF4JQueryLoggingListener - 
Name:dataSource, Connection:1, Time:2, Success:True
Type:Statement, Batch:False, QuerySize:1, BatchSize:0
Query:["select setting from pg_settings where name = 'edb_redwood_date'"]
Params:[]
2025-12-27 18:51:35 DEBUG n.t.d.l.l.SLF4JQueryLoggingListener - 
Name:dataSource, Connection:1, Time:2, Success:True
Type:Callable, Batch:False, QuerySize:1, BatchSize:0
Query:["select current_schema()"]
Params:[()]
2025-12-27 18:51:35 INFO  liquibase.database - Set default schema name to public
2025-12-27 18:51:35 DEBUG n.t.d.l.l.SLF4JQueryLoggingListener - 
Name:dataSource, Connection:1, Time:3, Success:True
Type:Statement, Batch:False, QuerySize:1, BatchSize:0
Query:["SELECT MD5SUM FROM public.databasechangelog WHERE MD5SUM IS NOT NULL"]
Params:[]
2025-12-27 18:51:35 DEBUG n.t.d.l.l.SLF4JQueryLoggingListener - 
Name:dataSource, Connection:1, Time:1, Success:True
Type:Statement, Batch:False, QuerySize:1, BatchSize:0
Query:["SELECT COUNT(*) FROM public.databasechangelog"]
Params:[]
2025-12-27 18:51:35 INFO  liquibase.changelog - Reading from public.databasechangelog
2025-12-27 18:51:35 DEBUG n.t.d.l.l.SLF4JQueryLoggingListener - 
Name:dataSource, Connection:1, Time:1, Success:True
Type:Statement, Batch:False, QuerySize:1, BatchSize:0
Query:["SELECT * FROM public.databasechangelog ORDER BY DATEEXECUTED ASC, ORDEREXECUTED ASC"]
Params:[]
2025-12-27 18:51:35 DEBUG n.t.d.l.l.SLF4JQueryLoggingListener - 
Name:dataSource, Connection:1, Time:2, Success:True
Type:Statement, Batch:False, QuerySize:1, BatchSize:0
Query:["SELECT COUNT(*) FROM public.databasechangeloglock"]
Params:[]
2025-12-27 18:51:35 DEBUG n.t.d.l.l.SLF4JQueryLoggingListener - 
Name:dataSource, Connection:1, Time:1, Success:True
Type:Statement, Batch:False, QuerySize:1, BatchSize:0
Query:["SELECT COUNT(*) FROM public.databasechangeloglock"]
Params:[]
2025-12-27 18:51:35 DEBUG n.t.d.l.l.SLF4JQueryLoggingListener - 
Name:dataSource, Connection:1, Time:1, Success:True
Type:Statement, Batch:False, QuerySize:1, BatchSize:0
Query:["SHOW SEARCH_PATH"]
Params:[]
2025-12-27 18:51:35 DEBUG n.t.d.l.l.SLF4JQueryLoggingListener - 
Name:dataSource, Connection:1, Time:1, Success:True
Type:Statement, Batch:False, QuerySize:1, BatchSize:0
Query:["SET SEARCH_PATH TO public, "$user","public""]
Params:[]
2025-12-27 18:51:35 DEBUG n.t.d.l.l.SLF4JQueryLoggingListener - 
Name:dataSource, Connection:1, Time:1, Success:True
Type:Statement, Batch:False, QuerySize:1, BatchSize:0
Query:["SHOW SEARCH_PATH"]
Params:[]
2025-12-27 18:51:35 DEBUG n.t.d.l.l.SLF4JQueryLoggingListener - 
Name:dataSource, Connection:1, Time:0, Success:True
Type:Statement, Batch:False, QuerySize:1, BatchSize:0
Query:["SET SEARCH_PATH TO public, "$user","public""]
Params:[]
2025-12-27 18:51:35 INFO  liquibase.ui - Database is up to date, no changesets to execute
2025-12-27 18:51:35 DEBUG n.t.d.l.l.SLF4JQueryLoggingListener - 
Name:dataSource, Connection:1, Time:1, Success:True
Type:Statement, Batch:False, QuerySize:1, BatchSize:0
Query:["SELECT COUNT(*) FROM public.databasechangelog"]
Params:[]
2025-12-27 18:51:35 INFO  liquibase.changelog - Reading from public.databasechangelog
2025-12-27 18:51:35 DEBUG n.t.d.l.l.SLF4JQueryLoggingListener - 
Name:dataSource, Connection:1, Time:1, Success:True
Type:Statement, Batch:False, QuerySize:1, BatchSize:0
Query:["SELECT * FROM public.databasechangelog ORDER BY DATEEXECUTED ASC, ORDEREXECUTED ASC"]
Params:[]
2025-12-27 18:51:35 INFO  liquibase.util - UPDATE SUMMARY
2025-12-27 18:51:35 INFO  liquibase.util - Run:                          0
2025-12-27 18:51:35 INFO  liquibase.util - Previously run:               1
2025-12-27 18:51:35 INFO  liquibase.util - Filtered out:                 0
2025-12-27 18:51:35 INFO  liquibase.util - -------------------------------
2025-12-27 18:51:35 INFO  liquibase.util - Total change sets:            1
2025-12-27 18:51:35 INFO  liquibase.util - Update summary generated
2025-12-27 18:51:35 DEBUG n.t.d.l.l.SLF4JQueryLoggingListener - 
Name:dataSource, Connection:1, Time:1, Success:True
Type:Statement, Batch:False, QuerySize:1, BatchSize:0
Query:["SHOW SEARCH_PATH"]
Params:[]
2025-12-27 18:51:35 DEBUG n.t.d.l.l.SLF4JQueryLoggingListener - 
Name:dataSource, Connection:1, Time:0, Success:True
Type:Statement, Batch:False, QuerySize:1, BatchSize:0
Query:["SET SEARCH_PATH TO public, "$user","public""]
Params:[]
2025-12-27 18:51:35 DEBUG n.t.d.l.l.SLF4JQueryLoggingListener - 
Name:dataSource, Connection:1, Time:3, Success:True
Type:Statement, Batch:False, QuerySize:1, BatchSize:0
Query:["UPDATE public.databasechangeloglock SET LOCKED = FALSE, LOCKEDBY = NULL, LOCKGRANTED = NULL WHERE ID = 1"]
Params:[]
2025-12-27 18:51:35 INFO  liquibase.lockservice - Successfully released change log lock
2025-12-27 18:51:35 DEBUG n.t.d.l.l.SLF4JQueryLoggingListener - 
Name:dataSource, Connection:1, Time:0, Success:True
Type:Statement, Batch:False, QuerySize:1, BatchSize:0
Query:["SHOW SEARCH_PATH"]
Params:[]
2025-12-27 18:51:35 INFO  liquibase.command - Command execution complete
2025-12-27 18:51:35 INFO  o.h.jpa.internal.util.LogHelper - HHH000204: Processing PersistenceUnitInfo [name: default]
2025-12-27 18:51:35 INFO  org.hibernate.Version - HHH000412: Hibernate ORM core version 6.5.2.Final
2025-12-27 18:51:35 INFO  o.h.c.i.RegionFactoryInitiator - HHH000026: Second-level cache disabled
2025-12-27 18:51:35 INFO  o.s.o.j.p.SpringPersistenceUnitInfo - No LoadTimeWeaver setup: ignoring JPA class transformer
2025-12-27 18:51:36 DEBUG n.t.d.l.l.SLF4JQueryLoggingListener - 
Name:dataSource, Connection:3, Time:3, Success:True
Type:Prepared, Batch:False, QuerySize:1, BatchSize:0
Query:["select * from information_schema.sequences"]
Params:[()]
2025-12-27 18:51:36 INFO  o.h.e.t.j.p.i.JtaPlatformInitiator - HHH000489: No JTA platform available (set 'hibernate.transaction.jta.platform' to enable JTA platform integration)
2025-12-27 18:51:36 INFO  o.s.o.j.LocalContainerEntityManagerFactoryBean - Initialized JPA EntityManagerFactory for persistence unit 'default'
2025-12-27 18:51:36 INFO  o.s.d.j.r.query.QueryEnhancerFactory - Hibernate is in classpath; If applicable, HQL parser will be used.
2025-12-27 18:51:37 INFO  o.s.s.c.a.a.c.InitializeAuthenticationProviderBeanManagerConfigurer$InitializeAuthenticationProviderManagerConfigurer - Global AuthenticationManager configured with AuthenticationProvider bean with name authenticationProvider
2025-12-27 18:51:37 WARN  o.s.s.c.a.a.c.InitializeUserDetailsBeanManagerConfigurer$InitializeUserDetailsManagerConfigurer - Global AuthenticationManager configured with an AuthenticationProvider bean. UserDetailsService beans will not be used for username/password login. Consider removing the AuthenticationProvider bean. Alternatively, consider using the UserDetailsService in a manually instantiated DaoAuthenticationProvider.
2025-12-27 18:51:37 WARN  o.s.b.a.o.j.JpaBaseConfiguration$JpaWebConfiguration - spring.jpa.open-in-view is enabled by default. Therefore, database queries may be performed during view rendering. Explicitly configure spring.jpa.open-in-view to disable this warning
2025-12-27 18:51:38 INFO  o.s.b.d.a.OptionalLiveReloadServer - LiveReload server is running on port 35729
2025-12-27 18:51:38 INFO  o.a.coyote.http11.Http11NioProtocol - Starting ProtocolHandler ["http-nio-8080"]
2025-12-27 18:51:38 INFO  o.s.b.w.e.tomcat.TomcatWebServer - Tomcat started on port 8080 (http) with context path '/'
2025-12-27 18:51:38 INFO  c.e.balancing.BalancingApplication - Started BalancingApplication in 6.089 seconds (process running for 6.481)
2025-12-27 18:53:07 INFO  o.a.c.c.C.[Tomcat].[localhost].[/] - Initializing Spring DispatcherServlet 'dispatcherServlet'
2025-12-27 18:53:07 INFO  o.s.web.servlet.DispatcherServlet - Initializing Servlet 'dispatcherServlet'
2025-12-27 18:53:07 INFO  o.s.web.servlet.DispatcherServlet - Completed initialization in 1 ms
2025-12-27 18:54:29 INFO  o.h.validator.internal.util.Version - HV000001: Hibernate Validator 8.0.1.Final
2025-12-27 18:54:29 INFO  c.e.balancing.BalancingApplication - Starting BalancingApplication using Java 17.0.6 with PID 9888 (D:\Hobby-JAVA\spring-balancing\build\classes\java\main started by kraj in D:\Hobby-JAVA\spring-balancing)
2025-12-27 18:54:29 INFO  c.e.balancing.BalancingApplication - No active profile set, falling back to 1 default profile: "default"
2025-12-27 18:54:29 INFO  o.s.b.d.e.DevToolsPropertyDefaultsPostProcessor - Devtools property defaults active! Set 'spring.devtools.add-properties' to 'false' to disable
2025-12-27 18:54:29 INFO  o.s.b.d.e.DevToolsPropertyDefaultsPostProcessor - For additional web related logging consider setting the 'logging.level.web' property to 'DEBUG'
2025-12-27 18:54:30 INFO  o.s.d.r.c.RepositoryConfigurationDelegate - Bootstrapping Spring Data JPA repositories in DEFAULT mode.
2025-12-27 18:54:30 INFO  o.s.d.r.c.RepositoryConfigurationDelegate - Finished Spring Data repository scanning in 74 ms. Found 6 JPA repository interfaces.
2025-12-27 18:54:31 INFO  o.s.b.w.e.tomcat.TomcatWebServer - Tomcat initialized with port 8080 (http)
2025-12-27 18:54:31 INFO  o.a.coyote.http11.Http11NioProtocol - Initializing ProtocolHandler ["http-nio-8080"]
2025-12-27 18:54:31 INFO  o.a.catalina.core.StandardService - Starting service [Tomcat]
2025-12-27 18:54:31 INFO  o.a.catalina.core.StandardEngine - Starting Servlet engine: [Apache Tomcat/10.1.26]
2025-12-27 18:54:31 INFO  o.a.c.c.C.[Tomcat].[localhost].[/] - Initializing Spring embedded WebApplicationContext
2025-12-27 18:54:31 INFO  o.s.b.w.s.c.ServletWebServerApplicationContext - Root WebApplicationContext: initialization completed in 1743 ms
2025-12-27 18:54:31 INFO  com.zaxxer.hikari.HikariDataSource - HikariPool-1 - Starting...
2025-12-27 18:54:31 INFO  com.zaxxer.hikari.pool.HikariPool - HikariPool-1 - Added connection org.postgresql.jdbc.PgConnection@7f5667d7
2025-12-27 18:54:31 INFO  com.zaxxer.hikari.HikariDataSource - HikariPool-1 - Start completed.
2025-12-27 18:54:31 DEBUG n.t.d.l.l.SLF4JQueryLoggingListener - 
Name:dataSource, Connection:1, Time:4, Success:True
Type:Statement, Batch:False, QuerySize:1, BatchSize:0
Query:["select version()"]
Params:[]
2025-12-27 18:54:31 DEBUG n.t.d.l.l.SLF4JQueryLoggingListener - 
Name:dataSource, Connection:1, Time:1, Success:True
Type:Statement, Batch:False, QuerySize:1, BatchSize:0
Query:["select version()"]
Params:[]
2025-12-27 18:54:31 DEBUG n.t.d.l.l.SLF4JQueryLoggingListener - 
Name:dataSource, Connection:1, Time:2, Success:True
Type:Statement, Batch:False, QuerySize:1, BatchSize:0
Query:["select setting from pg_settings where name = 'edb_redwood_date'"]
Params:[]
2025-12-27 18:54:31 DEBUG n.t.d.l.l.SLF4JQueryLoggingListener - 
Name:dataSource, Connection:1, Time:2, Success:True
Type:Callable, Batch:False, QuerySize:1, BatchSize:0
Query:["select current_schema()"]
Params:[()]
2025-12-27 18:54:31 INFO  liquibase.database - Set default schema name to public
2025-12-27 18:54:32 DEBUG n.t.d.l.l.SLF4JQueryLoggingListener - 
Name:dataSource, Connection:1, Time:1, Success:True
Type:Statement, Batch:False, QuerySize:1, BatchSize:0
Query:["SELECT MD5SUM FROM public.databasechangelog WHERE MD5SUM IS NOT NULL"]
Params:[]
2025-12-27 18:54:32 DEBUG n.t.d.l.l.SLF4JQueryLoggingListener - 
Name:dataSource, Connection:1, Time:2, Success:True
Type:Statement, Batch:False, QuerySize:1, BatchSize:0
Query:["SELECT COUNT(*) FROM public.databasechangelog"]
Params:[]
2025-12-27 18:54:32 INFO  liquibase.changelog - Reading from public.databasechangelog
2025-12-27 18:54:32 DEBUG n.t.d.l.l.SLF4JQueryLoggingListener - 
Name:dataSource, Connection:1, Time:1, Success:True
Type:Statement, Batch:False, QuerySize:1, BatchSize:0
Query:["SELECT * FROM public.databasechangelog ORDER BY DATEEXECUTED ASC, ORDEREXECUTED ASC"]
Params:[]
2025-12-27 18:54:32 DEBUG n.t.d.l.l.SLF4JQueryLoggingListener - 
Name:dataSource, Connection:1, Time:1, Success:True
Type:Statement, Batch:False, QuerySize:1, BatchSize:0
Query:["SELECT COUNT(*) FROM public.databasechangeloglock"]
Params:[]
2025-12-27 18:54:32 DEBUG n.t.d.l.l.SLF4JQueryLoggingListener - 
Name:dataSource, Connection:1, Time:1, Success:True
Type:Statement, Batch:False, QuerySize:1, BatchSize:0
Query:["SELECT COUNT(*) FROM public.databasechangeloglock"]
Params:[]
2025-12-27 18:54:32 DEBUG n.t.d.l.l.SLF4JQueryLoggingListener - 
Name:dataSource, Connection:1, Time:1, Success:True
Type:Statement, Batch:False, QuerySize:1, BatchSize:0
Query:["SHOW SEARCH_PATH"]
Params:[]
2025-12-27 18:54:32 DEBUG n.t.d.l.l.SLF4JQueryLoggingListener - 
Name:dataSource, Connection:1, Time:1, Success:True
Type:Statement, Batch:False, QuerySize:1, BatchSize:0
Query:["SET SEARCH_PATH TO public, "$user","public""]
Params:[]
2025-12-27 18:54:32 DEBUG n.t.d.l.l.SLF4JQueryLoggingListener - 
Name:dataSource, Connection:1, Time:1, Success:True
Type:Statement, Batch:False, QuerySize:1, BatchSize:0
Query:["SHOW SEARCH_PATH"]
Params:[]
2025-12-27 18:54:32 DEBUG n.t.d.l.l.SLF4JQueryLoggingListener - 
Name:dataSource, Connection:1, Time:1, Success:True
Type:Statement, Batch:False, QuerySize:1, BatchSize:0
Query:["SET SEARCH_PATH TO public, "$user","public""]
Params:[]
2025-12-27 18:54:32 INFO  liquibase.ui - Database is up to date, no changesets to execute
2025-12-27 18:54:32 DEBUG n.t.d.l.l.SLF4JQueryLoggingListener - 
Name:dataSource, Connection:1, Time:1, Success:True
Type:Statement, Batch:False, QuerySize:1, BatchSize:0
Query:["SELECT COUNT(*) FROM public.databasechangelog"]
Params:[]
2025-12-27 18:54:32 INFO  liquibase.changelog - Reading from public.databasechangelog
2025-12-27 18:54:32 DEBUG n.t.d.l.l.SLF4JQueryLoggingListener - 
Name:dataSource, Connection:1, Time:1, Success:True
Type:Statement, Batch:False, QuerySize:1, BatchSize:0
Query:["SELECT * FROM public.databasechangelog ORDER BY DATEEXECUTED ASC, ORDEREXECUTED ASC"]
Params:[]
2025-12-27 18:54:32 INFO  liquibase.util - UPDATE SUMMARY
2025-12-27 18:54:32 INFO  liquibase.util - Run:                          0
2025-12-27 18:54:32 INFO  liquibase.util - Previously run:               1
2025-12-27 18:54:32 INFO  liquibase.util - Filtered out:                 0
2025-12-27 18:54:32 INFO  liquibase.util - -------------------------------
2025-12-27 18:54:32 INFO  liquibase.util - Total change sets:            1
2025-12-27 18:54:32 INFO  liquibase.util - Update summary generated
2025-12-27 18:54:32 DEBUG n.t.d.l.l.SLF4JQueryLoggingListener - 
Name:dataSource, Connection:1, Time:1, Success:True
Type:Statement, Batch:False, QuerySize:1, BatchSize:0
Query:["SHOW SEARCH_PATH"]
Params:[]
2025-12-27 18:54:32 DEBUG n.t.d.l.l.SLF4JQueryLoggingListener - 
Name:dataSource, Connection:1, Time:1, Success:True
Type:Statement, Batch:False, QuerySize:1, BatchSize:0
Query:["SET SEARCH_PATH TO public, "$user","public""]
Params:[]
2025-12-27 18:54:32 DEBUG n.t.d.l.l.SLF4JQueryLoggingListener - 
Name:dataSource, Connection:1, Time:2, Success:True
Type:Statement, Batch:False, QuerySize:1, BatchSize:0
Query:["UPDATE public.databasechangeloglock SET LOCKED = FALSE, LOCKEDBY = NULL, LOCKGRANTED = NULL WHERE ID = 1"]
Params:[]
2025-12-27 18:54:32 INFO  liquibase.lockservice - Successfully released change log lock
2025-12-27 18:54:32 DEBUG n.t.d.l.l.SLF4JQueryLoggingListener - 
Name:dataSource, Connection:1, Time:1, Success:True
Type:Statement, Batch:False, QuerySize:1, BatchSize:0
Query:["SHOW SEARCH_PATH"]
Params:[]
2025-12-27 18:54:32 INFO  liquibase.command - Command execution complete
2025-12-27 18:54:32 INFO  o.h.jpa.internal.util.LogHelper - HHH000204: Processing PersistenceUnitInfo [name: default]
2025-12-27 18:54:32 INFO  org.hibernate.Version - HHH000412: Hibernate ORM core version 6.5.2.Final
2025-12-27 18:54:32 INFO  o.h.c.i.RegionFactoryInitiator - HHH000026: Second-level cache disabled
2025-12-27 18:54:32 INFO  o.s.o.j.p.SpringPersistenceUnitInfo - No LoadTimeWeaver setup: ignoring JPA class transformer
2025-12-27 18:54:33 DEBUG n.t.d.l.l.SLF4JQueryLoggingListener - 
Name:dataSource, Connection:3, Time:5, Success:True
Type:Prepared, Batch:False, QuerySize:1, BatchSize:0
Query:["select * from information_schema.sequences"]
Params:[()]
2025-12-27 18:54:33 INFO  o.h.e.t.j.p.i.JtaPlatformInitiator - HHH000489: No JTA platform available (set 'hibernate.transaction.jta.platform' to enable JTA platform integration)
2025-12-27 18:54:33 INFO  o.s.o.j.LocalContainerEntityManagerFactoryBean - Initialized JPA EntityManagerFactory for persistence unit 'default'
2025-12-27 18:54:34 INFO  o.s.d.j.r.query.QueryEnhancerFactory - Hibernate is in classpath; If applicable, HQL parser will be used.
2025-12-27 18:54:34 INFO  o.s.s.c.a.a.c.InitializeAuthenticationProviderBeanManagerConfigurer$InitializeAuthenticationProviderManagerConfigurer - Global AuthenticationManager configured with AuthenticationProvider bean with name authenticationProvider
2025-12-27 18:54:34 WARN  o.s.s.c.a.a.c.InitializeUserDetailsBeanManagerConfigurer$InitializeUserDetailsManagerConfigurer - Global AuthenticationManager configured with an AuthenticationProvider bean. UserDetailsService beans will not be used for username/password login. Consider removing the AuthenticationProvider bean. Alternatively, consider using the UserDetailsService in a manually instantiated DaoAuthenticationProvider.
2025-12-27 18:54:34 WARN  o.s.b.a.o.j.JpaBaseConfiguration$JpaWebConfiguration - spring.jpa.open-in-view is enabled by default. Therefore, database queries may be performed during view rendering. Explicitly configure spring.jpa.open-in-view to disable this warning
2025-12-27 18:54:35 INFO  o.s.b.d.a.OptionalLiveReloadServer - LiveReload server is running on port 35729
2025-12-27 18:54:35 INFO  o.a.coyote.http11.Http11NioProtocol - Starting ProtocolHandler ["http-nio-8080"]
2025-12-27 18:54:36 INFO  o.s.b.w.e.tomcat.TomcatWebServer - Tomcat started on port 8080 (http) with context path '/'
2025-12-27 18:54:36 INFO  c.e.balancing.BalancingApplication - Started BalancingApplication in 6.927 seconds (process running for 7.637)
2025-12-27 18:55:03 INFO  o.a.c.c.C.[Tomcat].[localhost].[/] - Initializing Spring DispatcherServlet 'dispatcherServlet'
2025-12-27 18:55:03 INFO  o.s.web.servlet.DispatcherServlet - Initializing Servlet 'dispatcherServlet'
2025-12-27 18:55:03 INFO  o.s.web.servlet.DispatcherServlet - Completed initialization in 1 ms
2025-12-27 18:59:12 INFO  o.h.validator.internal.util.Version - HV000001: Hibernate Validator 8.0.1.Final
2025-12-27 18:59:12 INFO  c.e.balancing.BalancingApplication - Starting BalancingApplication using Java 17.0.6 with PID 10476 (D:\Hobby-JAVA\spring-balancing\build\classes\java\main started by kraj in D:\Hobby-JAVA\spring-balancing)
2025-12-27 18:59:12 INFO  c.e.balancing.BalancingApplication - No active profile set, falling back to 1 default profile: "default"
2025-12-27 18:59:12 INFO  o.s.b.d.e.DevToolsPropertyDefaultsPostProcessor - Devtools property defaults active! Set 'spring.devtools.add-properties' to 'false' to disable
2025-12-27 18:59:12 INFO  o.s.b.d.e.DevToolsPropertyDefaultsPostProcessor - For additional web related logging consider setting the 'logging.level.web' property to 'DEBUG'
2025-12-27 18:59:13 INFO  o.s.d.r.c.RepositoryConfigurationDelegate - Bootstrapping Spring Data JPA repositories in DEFAULT mode.
2025-12-27 18:59:13 INFO  o.s.d.r.c.RepositoryConfigurationDelegate - Finished Spring Data repository scanning in 73 ms. Found 6 JPA repository interfaces.
2025-12-27 18:59:14 INFO  o.s.b.w.e.tomcat.TomcatWebServer - Tomcat initialized with port 8080 (http)
2025-12-27 18:59:14 INFO  o.a.coyote.http11.Http11NioProtocol - Initializing ProtocolHandler ["http-nio-8080"]
2025-12-27 18:59:14 INFO  o.a.catalina.core.StandardService - Starting service [Tomcat]
2025-12-27 18:59:14 INFO  o.a.catalina.core.StandardEngine - Starting Servlet engine: [Apache Tomcat/10.1.26]
2025-12-27 18:59:14 INFO  o.a.c.c.C.[Tomcat].[localhost].[/] - Initializing Spring embedded WebApplicationContext
2025-12-27 18:59:14 INFO  o.s.b.w.s.c.ServletWebServerApplicationContext - Root WebApplicationContext: initialization completed in 1605 ms
2025-12-27 18:59:14 INFO  com.zaxxer.hikari.HikariDataSource - HikariPool-1 - Starting...
2025-12-27 18:59:14 INFO  com.zaxxer.hikari.pool.HikariPool - HikariPool-1 - Added connection org.postgresql.jdbc.PgConnection@71555bc9
2025-12-27 18:59:14 INFO  com.zaxxer.hikari.HikariDataSource - HikariPool-1 - Start completed.
2025-12-27 18:59:14 DEBUG n.t.d.l.l.SLF4JQueryLoggingListener - 
Name:dataSource, Connection:1, Time:4, Success:True
Type:Statement, Batch:False, QuerySize:1, BatchSize:0
Query:["select version()"]
Params:[]
2025-12-27 18:59:14 DEBUG n.t.d.l.l.SLF4JQueryLoggingListener - 
Name:dataSource, Connection:1, Time:1, Success:True
Type:Statement, Batch:False, QuerySize:1, BatchSize:0
Query:["select version()"]
Params:[]
2025-12-27 18:59:14 DEBUG n.t.d.l.l.SLF4JQueryLoggingListener - 
Name:dataSource, Connection:1, Time:2, Success:True
Type:Statement, Batch:False, QuerySize:1, BatchSize:0
Query:["select setting from pg_settings where name = 'edb_redwood_date'"]
Params:[]
2025-12-27 18:59:14 DEBUG n.t.d.l.l.SLF4JQueryLoggingListener - 
Name:dataSource, Connection:1, Time:1, Success:True
Type:Callable, Batch:False, QuerySize:1, BatchSize:0
Query:["select current_schema()"]
Params:[()]
2025-12-27 18:59:14 INFO  liquibase.database - Set default schema name to public
2025-12-27 18:59:15 DEBUG n.t.d.l.l.SLF4JQueryLoggingListener - 
Name:dataSource, Connection:1, Time:1, Success:True
Type:Statement, Batch:False, QuerySize:1, BatchSize:0
Query:["SELECT MD5SUM FROM public.databasechangelog WHERE MD5SUM IS NOT NULL"]
Params:[]
2025-12-27 18:59:15 DEBUG n.t.d.l.l.SLF4JQueryLoggingListener - 
Name:dataSource, Connection:1, Time:1, Success:True
Type:Statement, Batch:False, QuerySize:1, BatchSize:0
Query:["SELECT COUNT(*) FROM public.databasechangelog"]
Params:[]
2025-12-27 18:59:15 INFO  liquibase.changelog - Reading from public.databasechangelog
2025-12-27 18:59:15 DEBUG n.t.d.l.l.SLF4JQueryLoggingListener - 
Name:dataSource, Connection:1, Time:1, Success:True
Type:Statement, Batch:False, QuerySize:1, BatchSize:0
Query:["SELECT * FROM public.databasechangelog ORDER BY DATEEXECUTED ASC, ORDEREXECUTED ASC"]
Params:[]
2025-12-27 18:59:15 DEBUG n.t.d.l.l.SLF4JQueryLoggingListener - 
Name:dataSource, Connection:1, Time:1, Success:True
Type:Statement, Batch:False, QuerySize:1, BatchSize:0
Query:["SELECT COUNT(*) FROM public.databasechangeloglock"]
Params:[]
2025-12-27 18:59:15 DEBUG n.t.d.l.l.SLF4JQueryLoggingListener - 
Name:dataSource, Connection:1, Time:1, Success:True
Type:Statement, Batch:False, QuerySize:1, BatchSize:0
Query:["SELECT COUNT(*) FROM public.databasechangeloglock"]
Params:[]
2025-12-27 18:59:15 DEBUG n.t.d.l.l.SLF4JQueryLoggingListener - 
Name:dataSource, Connection:1, Time:1, Success:True
Type:Statement, Batch:False, QuerySize:1, BatchSize:0
Query:["SHOW SEARCH_PATH"]
Params:[]
2025-12-27 18:59:15 DEBUG n.t.d.l.l.SLF4JQueryLoggingListener - 
Name:dataSource, Connection:1, Time:1, Success:True
Type:Statement, Batch:False, QuerySize:1, BatchSize:0
Query:["SET SEARCH_PATH TO public, "$user","public""]
Params:[]
2025-12-27 18:59:15 DEBUG n.t.d.l.l.SLF4JQueryLoggingListener - 
Name:dataSource, Connection:1, Time:1, Success:True
Type:Statement, Batch:False, QuerySize:1, BatchSize:0
Query:["SHOW SEARCH_PATH"]
Params:[]
2025-12-27 18:59:15 DEBUG n.t.d.l.l.SLF4JQueryLoggingListener - 
Name:dataSource, Connection:1, Time:1, Success:True
Type:Statement, Batch:False, QuerySize:1, BatchSize:0
Query:["SET SEARCH_PATH TO public, "$user","public""]
Params:[]
2025-12-27 18:59:15 INFO  liquibase.ui - Database is up to date, no changesets to execute
2025-12-27 18:59:15 DEBUG n.t.d.l.l.SLF4JQueryLoggingListener - 
Name:dataSource, Connection:1, Time:1, Success:True
Type:Statement, Batch:False, QuerySize:1, BatchSize:0
Query:["SELECT COUNT(*) FROM public.databasechangelog"]
Params:[]
2025-12-27 18:59:15 INFO  liquibase.changelog - Reading from public.databasechangelog
2025-12-27 18:59:15 DEBUG n.t.d.l.l.SLF4JQueryLoggingListener - 
Name:dataSource, Connection:1, Time:1, Success:True
Type:Statement, Batch:False, QuerySize:1, BatchSize:0
Query:["SELECT * FROM public.databasechangelog ORDER BY DATEEXECUTED ASC, ORDEREXECUTED ASC"]
Params:[]
2025-12-27 18:59:15 INFO  liquibase.util - UPDATE SUMMARY
2025-12-27 18:59:15 INFO  liquibase.util - Run:                          0
2025-12-27 18:59:15 INFO  liquibase.util - Previously run:               1
2025-12-27 18:59:15 INFO  liquibase.util - Filtered out:                 0
2025-12-27 18:59:15 INFO  liquibase.util - -------------------------------
2025-12-27 18:59:15 INFO  liquibase.util - Total change sets:            1
2025-12-27 18:59:15 INFO  liquibase.util - Update summary generated
2025-12-27 18:59:15 DEBUG n.t.d.l.l.SLF4JQueryLoggingListener - 
Name:dataSource, Connection:1, Time:1, Success:True
Type:Statement, Batch:False, QuerySize:1, BatchSize:0
Query:["SHOW SEARCH_PATH"]
Params:[]
2025-12-27 18:59:15 DEBUG n.t.d.l.l.SLF4JQueryLoggingListener - 
Name:dataSource, Connection:1, Time:1, Success:True
Type:Statement, Batch:False, QuerySize:1, BatchSize:0
Query:["SET SEARCH_PATH TO public, "$user","public""]
Params:[]
2025-12-27 18:59:15 DEBUG n.t.d.l.l.SLF4JQueryLoggingListener - 
Name:dataSource, Connection:1, Time:2, Success:True
Type:Statement, Batch:False, QuerySize:1, BatchSize:0
Query:["UPDATE public.databasechangeloglock SET LOCKED = FALSE, LOCKEDBY = NULL, LOCKGRANTED = NULL WHERE ID = 1"]
Params:[]
2025-12-27 18:59:15 INFO  liquibase.lockservice - Successfully released change log lock
2025-12-27 18:59:15 DEBUG n.t.d.l.l.SLF4JQueryLoggingListener - 
Name:dataSource, Connection:1, Time:1, Success:True
Type:Statement, Batch:False, QuerySize:1, BatchSize:0
Query:["SHOW SEARCH_PATH"]
Params:[]
2025-12-27 18:59:15 INFO  liquibase.command - Command execution complete
2025-12-27 18:59:15 INFO  o.h.jpa.internal.util.LogHelper - HHH000204: Processing PersistenceUnitInfo [name: default]
2025-12-27 18:59:15 INFO  org.hibernate.Version - HHH000412: Hibernate ORM core version 6.5.2.Final
2025-12-27 18:59:15 INFO  o.h.c.i.RegionFactoryInitiator - HHH000026: Second-level cache disabled
2025-12-27 18:59:15 INFO  o.s.o.j.p.SpringPersistenceUnitInfo - No LoadTimeWeaver setup: ignoring JPA class transformer
2025-12-27 18:59:16 DEBUG n.t.d.l.l.SLF4JQueryLoggingListener - 
Name:dataSource, Connection:3, Time:2, Success:True
Type:Prepared, Batch:False, QuerySize:1, BatchSize:0
Query:["select * from information_schema.sequences"]
Params:[()]
2025-12-27 18:59:16 INFO  o.h.e.t.j.p.i.JtaPlatformInitiator - HHH000489: No JTA platform available (set 'hibernate.transaction.jta.platform' to enable JTA platform integration)
2025-12-27 18:59:16 INFO  o.s.o.j.LocalContainerEntityManagerFactoryBean - Initialized JPA EntityManagerFactory for persistence unit 'default'
2025-12-27 18:59:16 INFO  o.s.d.j.r.query.QueryEnhancerFactory - Hibernate is in classpath; If applicable, HQL parser will be used.
2025-12-27 18:59:16 INFO  o.s.s.c.a.a.c.InitializeAuthenticationProviderBeanManagerConfigurer$InitializeAuthenticationProviderManagerConfigurer - Global AuthenticationManager configured with AuthenticationProvider bean with name authenticationProvider
2025-12-27 18:59:16 WARN  o.s.s.c.a.a.c.InitializeUserDetailsBeanManagerConfigurer$InitializeUserDetailsManagerConfigurer - Global AuthenticationManager configured with an AuthenticationProvider bean. UserDetailsService beans will not be used for username/password login. Consider removing the AuthenticationProvider bean. Alternatively, consider using the UserDetailsService in a manually instantiated DaoAuthenticationProvider.
2025-12-27 18:59:17 WARN  o.s.b.a.o.j.JpaBaseConfiguration$JpaWebConfiguration - spring.jpa.open-in-view is enabled by default. Therefore, database queries may be performed during view rendering. Explicitly configure spring.jpa.open-in-view to disable this warning
2025-12-27 18:59:18 INFO  o.s.b.d.a.OptionalLiveReloadServer - LiveReload server is running on port 35729
2025-12-27 18:59:18 INFO  o.a.coyote.http11.Http11NioProtocol - Starting ProtocolHandler ["http-nio-8080"]
2025-12-27 18:59:18 INFO  o.s.b.w.e.tomcat.TomcatWebServer - Tomcat started on port 8080 (http) with context path '/'
2025-12-27 18:59:18 INFO  c.e.balancing.BalancingApplication - Started BalancingApplication in 6.27 seconds (process running for 6.68)
2025-12-27 18:59:28 INFO  o.a.c.c.C.[Tomcat].[localhost].[/] - Initializing Spring DispatcherServlet 'dispatcherServlet'
2025-12-27 18:59:28 INFO  o.s.web.servlet.DispatcherServlet - Initializing Servlet 'dispatcherServlet'
2025-12-27 18:59:28 INFO  o.s.web.servlet.DispatcherServlet - Completed initialization in 1 ms
2025-12-27 18:59:28 WARN  o.s.w.s.m.s.DefaultHandlerExceptionResolver - Resolved [org.springframework.web.HttpRequestMethodNotSupportedException: Request method 'GET' is not supported]
2025-12-27 18:59:28 WARN  o.s.w.s.m.s.DefaultHandlerExceptionResolver - Resolved [org.springframework.web.HttpRequestMethodNotSupportedException: Request method 'GET' is not supported]
2025-12-27 18:59:28 WARN  o.s.w.s.m.s.DefaultHandlerExceptionResolver - Resolved [org.springframework.web.HttpRequestMethodNotSupportedException: Request method 'GET' is not supported]
2025-12-27 18:59:28 WARN  o.s.w.s.m.s.DefaultHandlerExceptionResolver - Resolved [org.springframework.web.HttpRequestMethodNotSupportedException: Request method 'GET' is not supported]
2025-12-27 18:59:28 WARN  o.s.w.s.m.s.DefaultHandlerExceptionResolver - Resolved [org.springframework.web.HttpRequestMethodNotSupportedException: Request method 'GET' is not supported]
2025-12-27 18:59:28 WARN  o.s.w.s.m.s.DefaultHandlerExceptionResolver - Resolved [org.springframework.web.HttpRequestMethodNotSupportedException: Request method 'GET' is not supported]
2025-12-27 18:59:28 WARN  o.s.w.s.m.s.DefaultHandlerExceptionResolver - Resolved [org.springframework.web.HttpRequestMethodNotSupportedException: Request method 'GET' is not supported]
2025-12-27 18:59:28 WARN  o.s.w.s.m.s.DefaultHandlerExceptionResolver - Resolved [org.springframework.web.HttpRequestMethodNotSupportedException: Request method 'GET' is not supported]
2025-12-27 18:59:28 WARN  o.s.w.s.m.s.DefaultHandlerExceptionResolver - Resolved [org.springframework.web.HttpRequestMethodNotSupportedException: Request method 'GET' is not supported]
2025-12-27 18:59:28 WARN  o.s.w.s.m.s.DefaultHandlerExceptionResolver - Resolved [org.springframework.web.HttpRequestMethodNotSupportedException: Request method 'GET' is not supported]
2025-12-27 19:00:32 WARN  o.s.w.s.m.s.DefaultHandlerExceptionResolver - Resolved [org.springframework.web.HttpRequestMethodNotSupportedException: Request method 'GET' is not supported]
2025-12-27 19:00:32 WARN  o.s.w.s.m.s.DefaultHandlerExceptionResolver - Resolved [org.springframework.web.HttpRequestMethodNotSupportedException: Request method 'GET' is not supported]
2025-12-27 19:00:32 WARN  o.s.w.s.m.s.DefaultHandlerExceptionResolver - Resolved [org.springframework.web.HttpRequestMethodNotSupportedException: Request method 'GET' is not supported]
2025-12-27 19:00:32 WARN  o.s.w.s.m.s.DefaultHandlerExceptionResolver - Resolved [org.springframework.web.HttpRequestMethodNotSupportedException: Request method 'GET' is not supported]
2025-12-27 19:00:32 WARN  o.s.w.s.m.s.DefaultHandlerExceptionResolver - Resolved [org.springframework.web.HttpRequestMethodNotSupportedException: Request method 'GET' is not supported]
2025-12-27 19:00:32 WARN  o.s.w.s.m.s.DefaultHandlerExceptionResolver - Resolved [org.springframework.web.HttpRequestMethodNotSupportedException: Request method 'GET' is not supported]
2025-12-27 19:00:32 WARN  o.s.w.s.m.s.DefaultHandlerExceptionResolver - Resolved [org.springframework.web.HttpRequestMethodNotSupportedException: Request method 'GET' is not supported]
2025-12-27 19:00:32 WARN  o.s.w.s.m.s.DefaultHandlerExceptionResolver - Resolved [org.springframework.web.HttpRequestMethodNotSupportedException: Request method 'GET' is not supported]
2025-12-27 19:00:32 WARN  o.s.w.s.m.s.DefaultHandlerExceptionResolver - Resolved [org.springframework.web.HttpRequestMethodNotSupportedException: Request method 'GET' is not supported]
2025-12-27 19:00:32 WARN  o.s.w.s.m.s.DefaultHandlerExceptionResolver - Resolved [org.springframework.web.HttpRequestMethodNotSupportedException: Request method 'GET' is not supported]
2025-12-27 19:02:41 WARN  o.s.w.s.m.s.DefaultHandlerExceptionResolver - Resolved [org.springframework.web.HttpRequestMethodNotSupportedException: Request method 'GET' is not supported]
2025-12-27 19:02:41 WARN  o.s.w.s.m.s.DefaultHandlerExceptionResolver - Resolved [org.springframework.web.HttpRequestMethodNotSupportedException: Request method 'GET' is not supported]
2025-12-27 19:02:41 WARN  o.s.w.s.m.s.DefaultHandlerExceptionResolver - Resolved [org.springframework.web.HttpRequestMethodNotSupportedException: Request method 'GET' is not supported]
2025-12-27 19:02:41 WARN  o.s.w.s.m.s.DefaultHandlerExceptionResolver - Resolved [org.springframework.web.HttpRequestMethodNotSupportedException: Request method 'GET' is not supported]
2025-12-27 19:02:41 WARN  o.s.w.s.m.s.DefaultHandlerExceptionResolver - Resolved [org.springframework.web.HttpRequestMethodNotSupportedException: Request method 'GET' is not supported]
2025-12-27 19:02:41 WARN  o.s.w.s.m.s.DefaultHandlerExceptionResolver - Resolved [org.springframework.web.HttpRequestMethodNotSupportedException: Request method 'GET' is not supported]
2025-12-27 19:02:41 WARN  o.s.w.s.m.s.DefaultHandlerExceptionResolver - Resolved [org.springframework.web.HttpRequestMethodNotSupportedException: Request method 'GET' is not supported]
2025-12-27 19:02:41 WARN  o.s.w.s.m.s.DefaultHandlerExceptionResolver - Resolved [org.springframework.web.HttpRequestMethodNotSupportedException: Request method 'GET' is not supported]
2025-12-27 19:02:41 WARN  o.s.w.s.m.s.DefaultHandlerExceptionResolver - Resolved [org.springframework.web.HttpRequestMethodNotSupportedException: Request method 'GET' is not supported]
2025-12-27 19:02:41 WARN  o.s.w.s.m.s.DefaultHandlerExceptionResolver - Resolved [org.springframework.web.HttpRequestMethodNotSupportedException: Request method 'GET' is not supported]
2025-12-27 19:05:14 INFO  o.h.validator.internal.util.Version - HV000001: Hibernate Validator 8.0.1.Final
2025-12-27 19:05:14 INFO  c.e.balancing.BalancingApplication - Starting BalancingApplication using Java 17.0.6 with PID 6668 (D:\Hobby-JAVA\spring-balancing\build\classes\java\main started by kraj in D:\Hobby-JAVA\spring-balancing)
2025-12-27 19:05:14 INFO  c.e.balancing.BalancingApplication - No active profile set, falling back to 1 default profile: "default"
2025-12-27 19:05:14 INFO  o.s.b.d.e.DevToolsPropertyDefaultsPostProcessor - Devtools property defaults active! Set 'spring.devtools.add-properties' to 'false' to disable
2025-12-27 19:05:14 INFO  o.s.b.d.e.DevToolsPropertyDefaultsPostProcessor - For additional web related logging consider setting the 'logging.level.web' property to 'DEBUG'
2025-12-27 19:05:15 INFO  o.s.d.r.c.RepositoryConfigurationDelegate - Bootstrapping Spring Data JPA repositories in DEFAULT mode.
2025-12-27 19:05:15 INFO  o.s.d.r.c.RepositoryConfigurationDelegate - Finished Spring Data repository scanning in 64 ms. Found 6 JPA repository interfaces.
2025-12-27 19:05:16 INFO  o.s.b.w.e.tomcat.TomcatWebServer - Tomcat initialized with port 8080 (http)
2025-12-27 19:05:16 INFO  o.a.coyote.http11.Http11NioProtocol - Initializing ProtocolHandler ["http-nio-8080"]
2025-12-27 19:05:16 INFO  o.a.catalina.core.StandardService - Starting service [Tomcat]
2025-12-27 19:05:16 INFO  o.a.catalina.core.StandardEngine - Starting Servlet engine: [Apache Tomcat/10.1.26]
2025-12-27 19:05:16 INFO  o.a.c.c.C.[Tomcat].[localhost].[/] - Initializing Spring embedded WebApplicationContext
2025-12-27 19:05:16 INFO  o.s.b.w.s.c.ServletWebServerApplicationContext - Root WebApplicationContext: initialization completed in 1599 ms
2025-12-27 19:05:16 INFO  com.zaxxer.hikari.HikariDataSource - HikariPool-1 - Starting...
2025-12-27 19:05:16 INFO  com.zaxxer.hikari.pool.HikariPool - HikariPool-1 - Added connection org.postgresql.jdbc.PgConnection@7dac8061
2025-12-27 19:05:16 INFO  com.zaxxer.hikari.HikariDataSource - HikariPool-1 - Start completed.
2025-12-27 19:05:16 DEBUG n.t.d.l.l.SLF4JQueryLoggingListener - 
Name:dataSource, Connection:1, Time:5, Success:True
Type:Statement, Batch:False, QuerySize:1, BatchSize:0
Query:["select version()"]
Params:[]
2025-12-27 19:05:16 DEBUG n.t.d.l.l.SLF4JQueryLoggingListener - 
Name:dataSource, Connection:1, Time:1, Success:True
Type:Statement, Batch:False, QuerySize:1, BatchSize:0
Query:["select version()"]
Params:[]
2025-12-27 19:05:16 DEBUG n.t.d.l.l.SLF4JQueryLoggingListener - 
Name:dataSource, Connection:1, Time:2, Success:True
Type:Statement, Batch:False, QuerySize:1, BatchSize:0
Query:["select setting from pg_settings where name = 'edb_redwood_date'"]
Params:[]
2025-12-27 19:05:16 DEBUG n.t.d.l.l.SLF4JQueryLoggingListener - 
Name:dataSource, Connection:1, Time:1, Success:True
Type:Callable, Batch:False, QuerySize:1, BatchSize:0
Query:["select current_schema()"]
Params:[()]
2025-12-27 19:05:16 INFO  liquibase.database - Set default schema name to public
2025-12-27 19:05:17 DEBUG n.t.d.l.l.SLF4JQueryLoggingListener - 
Name:dataSource, Connection:1, Time:1, Success:True
Type:Statement, Batch:False, QuerySize:1, BatchSize:0
Query:["SELECT MD5SUM FROM public.databasechangelog WHERE MD5SUM IS NOT NULL"]
Params:[]
2025-12-27 19:05:17 DEBUG n.t.d.l.l.SLF4JQueryLoggingListener - 
Name:dataSource, Connection:1, Time:1, Success:True
Type:Statement, Batch:False, QuerySize:1, BatchSize:0
Query:["SELECT COUNT(*) FROM public.databasechangelog"]
Params:[]
2025-12-27 19:05:17 INFO  liquibase.changelog - Reading from public.databasechangelog
2025-12-27 19:05:17 DEBUG n.t.d.l.l.SLF4JQueryLoggingListener - 
Name:dataSource, Connection:1, Time:1, Success:True
Type:Statement, Batch:False, QuerySize:1, BatchSize:0
Query:["SELECT * FROM public.databasechangelog ORDER BY DATEEXECUTED ASC, ORDEREXECUTED ASC"]
Params:[]
2025-12-27 19:05:17 DEBUG n.t.d.l.l.SLF4JQueryLoggingListener - 
Name:dataSource, Connection:1, Time:1, Success:True
Type:Statement, Batch:False, QuerySize:1, BatchSize:0
Query:["SELECT COUNT(*) FROM public.databasechangeloglock"]
Params:[]
2025-12-27 19:05:17 DEBUG n.t.d.l.l.SLF4JQueryLoggingListener - 
Name:dataSource, Connection:1, Time:1, Success:True
Type:Statement, Batch:False, QuerySize:1, BatchSize:0
Query:["SELECT COUNT(*) FROM public.databasechangeloglock"]
Params:[]
2025-12-27 19:05:17 DEBUG n.t.d.l.l.SLF4JQueryLoggingListener - 
Name:dataSource, Connection:1, Time:1, Success:True
Type:Statement, Batch:False, QuerySize:1, BatchSize:0
Query:["SHOW SEARCH_PATH"]
Params:[]
2025-12-27 19:05:17 DEBUG n.t.d.l.l.SLF4JQueryLoggingListener - 
Name:dataSource, Connection:1, Time:1, Success:True
Type:Statement, Batch:False, QuerySize:1, BatchSize:0
Query:["SET SEARCH_PATH TO public, "$user","public""]
Params:[]
2025-12-27 19:05:17 DEBUG n.t.d.l.l.SLF4JQueryLoggingListener - 
Name:dataSource, Connection:1, Time:0, Success:True
Type:Statement, Batch:False, QuerySize:1, BatchSize:0
Query:["SHOW SEARCH_PATH"]
Params:[]
2025-12-27 19:05:17 DEBUG n.t.d.l.l.SLF4JQueryLoggingListener - 
Name:dataSource, Connection:1, Time:0, Success:True
Type:Statement, Batch:False, QuerySize:1, BatchSize:0
Query:["SET SEARCH_PATH TO public, "$user","public""]
Params:[]
2025-12-27 19:05:17 INFO  liquibase.ui - Database is up to date, no changesets to execute
2025-12-27 19:05:17 DEBUG n.t.d.l.l.SLF4JQueryLoggingListener - 
Name:dataSource, Connection:1, Time:1, Success:True
Type:Statement, Batch:False, QuerySize:1, BatchSize:0
Query:["SELECT COUNT(*) FROM public.databasechangelog"]
Params:[]
2025-12-27 19:05:17 INFO  liquibase.changelog - Reading from public.databasechangelog
2025-12-27 19:05:17 DEBUG n.t.d.l.l.SLF4JQueryLoggingListener - 
Name:dataSource, Connection:1, Time:0, Success:True
Type:Statement, Batch:False, QuerySize:1, BatchSize:0
Query:["SELECT * FROM public.databasechangelog ORDER BY DATEEXECUTED ASC, ORDEREXECUTED ASC"]
Params:[]
2025-12-27 19:05:17 INFO  liquibase.util - UPDATE SUMMARY
2025-12-27 19:05:17 INFO  liquibase.util - Run:                          0
2025-12-27 19:05:17 INFO  liquibase.util - Previously run:               1
2025-12-27 19:05:17 INFO  liquibase.util - Filtered out:                 0
2025-12-27 19:05:17 INFO  liquibase.util - -------------------------------
2025-12-27 19:05:17 INFO  liquibase.util - Total change sets:            1
2025-12-27 19:05:17 INFO  liquibase.util - Update summary generated
2025-12-27 19:05:17 DEBUG n.t.d.l.l.SLF4JQueryLoggingListener - 
Name:dataSource, Connection:1, Time:1, Success:True
Type:Statement, Batch:False, QuerySize:1, BatchSize:0
Query:["SHOW SEARCH_PATH"]
Params:[]
2025-12-27 19:05:17 DEBUG n.t.d.l.l.SLF4JQueryLoggingListener - 
Name:dataSource, Connection:1, Time:1, Success:True
Type:Statement, Batch:False, QuerySize:1, BatchSize:0
Query:["SET SEARCH_PATH TO public, "$user","public""]
Params:[]
2025-12-27 19:05:17 DEBUG n.t.d.l.l.SLF4JQueryLoggingListener - 
Name:dataSource, Connection:1, Time:2, Success:True
Type:Statement, Batch:False, QuerySize:1, BatchSize:0
Query:["UPDATE public.databasechangeloglock SET LOCKED = FALSE, LOCKEDBY = NULL, LOCKGRANTED = NULL WHERE ID = 1"]
Params:[]
2025-12-27 19:05:17 INFO  liquibase.lockservice - Successfully released change log lock
2025-12-27 19:05:17 DEBUG n.t.d.l.l.SLF4JQueryLoggingListener - 
Name:dataSource, Connection:1, Time:1, Success:True
Type:Statement, Batch:False, QuerySize:1, BatchSize:0
Query:["SHOW SEARCH_PATH"]
Params:[]
2025-12-27 19:05:17 INFO  liquibase.command - Command execution complete
2025-12-27 19:05:17 INFO  o.h.jpa.internal.util.LogHelper - HHH000204: Processing PersistenceUnitInfo [name: default]
2025-12-27 19:05:17 INFO  org.hibernate.Version - HHH000412: Hibernate ORM core version 6.5.2.Final
2025-12-27 19:05:17 INFO  o.h.c.i.RegionFactoryInitiator - HHH000026: Second-level cache disabled
2025-12-27 19:05:17 INFO  o.s.o.j.p.SpringPersistenceUnitInfo - No LoadTimeWeaver setup: ignoring JPA class transformer
2025-12-27 19:05:18 DEBUG n.t.d.l.l.SLF4JQueryLoggingListener - 
Name:dataSource, Connection:3, Time:3, Success:True
Type:Prepared, Batch:False, QuerySize:1, BatchSize:0
Query:["select * from information_schema.sequences"]
Params:[()]
2025-12-27 19:05:18 INFO  o.h.e.t.j.p.i.JtaPlatformInitiator - HHH000489: No JTA platform available (set 'hibernate.transaction.jta.platform' to enable JTA platform integration)
2025-12-27 19:05:18 INFO  o.s.o.j.LocalContainerEntityManagerFactoryBean - Initialized JPA EntityManagerFactory for persistence unit 'default'
2025-12-27 19:05:18 INFO  o.s.d.j.r.query.QueryEnhancerFactory - Hibernate is in classpath; If applicable, HQL parser will be used.
2025-12-27 19:05:19 INFO  o.s.s.c.a.a.c.InitializeAuthenticationProviderBeanManagerConfigurer$InitializeAuthenticationProviderManagerConfigurer - Global AuthenticationManager configured with AuthenticationProvider bean with name authenticationProvider
2025-12-27 19:05:19 WARN  o.s.s.c.a.a.c.InitializeUserDetailsBeanManagerConfigurer$InitializeUserDetailsManagerConfigurer - Global AuthenticationManager configured with an AuthenticationProvider bean. UserDetailsService beans will not be used for username/password login. Consider removing the AuthenticationProvider bean. Alternatively, consider using the UserDetailsService in a manually instantiated DaoAuthenticationProvider.
2025-12-27 19:05:19 WARN  o.s.b.a.o.j.JpaBaseConfiguration$JpaWebConfiguration - spring.jpa.open-in-view is enabled by default. Therefore, database queries may be performed during view rendering. Explicitly configure spring.jpa.open-in-view to disable this warning
2025-12-27 19:05:20 INFO  o.s.b.d.a.OptionalLiveReloadServer - LiveReload server is running on port 35729
2025-12-27 19:05:20 INFO  o.a.coyote.http11.Http11NioProtocol - Starting ProtocolHandler ["http-nio-8080"]
2025-12-27 19:05:20 INFO  o.s.b.w.e.tomcat.TomcatWebServer - Tomcat started on port 8080 (http) with context path '/'
2025-12-27 19:05:20 INFO  c.e.balancing.BalancingApplication - Started BalancingApplication in 6.594 seconds (process running for 7.013)
2025-12-27 19:05:25 INFO  o.a.c.c.C.[Tomcat].[localhost].[/] - Initializing Spring DispatcherServlet 'dispatcherServlet'
2025-12-27 19:05:25 INFO  o.s.web.servlet.DispatcherServlet - Initializing Servlet 'dispatcherServlet'
2025-12-27 19:05:25 INFO  o.s.web.servlet.DispatcherServlet - Completed initialization in 0 ms
2025-12-27 19:08:06 INFO  o.h.validator.internal.util.Version - HV000001: Hibernate Validator 8.0.1.Final
2025-12-27 19:08:06 INFO  c.e.balancing.BalancingApplication - Starting BalancingApplication using Java 17.0.6 with PID 21100 (D:\Hobby-JAVA\spring-balancing\build\classes\java\main started by kraj in D:\Hobby-JAVA\spring-balancing)
2025-12-27 19:08:06 INFO  c.e.balancing.BalancingApplication - No active profile set, falling back to 1 default profile: "default"
2025-12-27 19:08:06 INFO  o.s.b.d.e.DevToolsPropertyDefaultsPostProcessor - Devtools property defaults active! Set 'spring.devtools.add-properties' to 'false' to disable
2025-12-27 19:08:06 INFO  o.s.b.d.e.DevToolsPropertyDefaultsPostProcessor - For additional web related logging consider setting the 'logging.level.web' property to 'DEBUG'
2025-12-27 19:08:07 INFO  o.s.d.r.c.RepositoryConfigurationDelegate - Bootstrapping Spring Data JPA repositories in DEFAULT mode.
2025-12-27 19:08:07 INFO  o.s.d.r.c.RepositoryConfigurationDelegate - Finished Spring Data repository scanning in 64 ms. Found 6 JPA repository interfaces.
2025-12-27 19:08:07 INFO  o.s.b.w.e.tomcat.TomcatWebServer - Tomcat initialized with port 8080 (http)
2025-12-27 19:08:07 INFO  o.a.coyote.http11.Http11NioProtocol - Initializing ProtocolHandler ["http-nio-8080"]
2025-12-27 19:08:07 INFO  o.a.catalina.core.StandardService - Starting service [Tomcat]
2025-12-27 19:08:07 INFO  o.a.catalina.core.StandardEngine - Starting Servlet engine: [Apache Tomcat/10.1.26]
2025-12-27 19:08:07 INFO  o.a.c.c.C.[Tomcat].[localhost].[/] - Initializing Spring embedded WebApplicationContext
2025-12-27 19:08:07 INFO  o.s.b.w.s.c.ServletWebServerApplicationContext - Root WebApplicationContext: initialization completed in 1620 ms
2025-12-27 19:08:08 INFO  com.zaxxer.hikari.HikariDataSource - HikariPool-1 - Starting...
2025-12-27 19:08:08 INFO  com.zaxxer.hikari.pool.HikariPool - HikariPool-1 - Added connection org.postgresql.jdbc.PgConnection@3aee7956
2025-12-27 19:08:08 INFO  com.zaxxer.hikari.HikariDataSource - HikariPool-1 - Start completed.
2025-12-27 19:08:08 DEBUG n.t.d.l.l.SLF4JQueryLoggingListener - 
Name:dataSource, Connection:1, Time:4, Success:True
Type:Statement, Batch:False, QuerySize:1, BatchSize:0
Query:["select version()"]
Params:[]
2025-12-27 19:08:08 DEBUG n.t.d.l.l.SLF4JQueryLoggingListener - 
Name:dataSource, Connection:1, Time:1, Success:True
Type:Statement, Batch:False, QuerySize:1, BatchSize:0
Query:["select version()"]
Params:[]
2025-12-27 19:08:08 DEBUG n.t.d.l.l.SLF4JQueryLoggingListener - 
Name:dataSource, Connection:1, Time:2, Success:True
Type:Statement, Batch:False, QuerySize:1, BatchSize:0
Query:["select setting from pg_settings where name = 'edb_redwood_date'"]
Params:[]
2025-12-27 19:08:08 DEBUG n.t.d.l.l.SLF4JQueryLoggingListener - 
Name:dataSource, Connection:1, Time:3, Success:True
Type:Callable, Batch:False, QuerySize:1, BatchSize:0
Query:["select current_schema()"]
Params:[()]
2025-12-27 19:08:08 INFO  liquibase.database - Set default schema name to public
2025-12-27 19:08:09 DEBUG n.t.d.l.l.SLF4JQueryLoggingListener - 
Name:dataSource, Connection:1, Time:3, Success:True
Type:Statement, Batch:False, QuerySize:1, BatchSize:0
Query:["SELECT MD5SUM FROM public.databasechangelog WHERE MD5SUM IS NOT NULL"]
Params:[]
2025-12-27 19:08:09 DEBUG n.t.d.l.l.SLF4JQueryLoggingListener - 
Name:dataSource, Connection:1, Time:2, Success:True
Type:Statement, Batch:False, QuerySize:1, BatchSize:0
Query:["SELECT COUNT(*) FROM public.databasechangelog"]
Params:[]
2025-12-27 19:08:09 INFO  liquibase.changelog - Reading from public.databasechangelog
2025-12-27 19:08:09 DEBUG n.t.d.l.l.SLF4JQueryLoggingListener - 
Name:dataSource, Connection:1, Time:2, Success:True
Type:Statement, Batch:False, QuerySize:1, BatchSize:0
Query:["SELECT * FROM public.databasechangelog ORDER BY DATEEXECUTED ASC, ORDEREXECUTED ASC"]
Params:[]
2025-12-27 19:08:09 DEBUG n.t.d.l.l.SLF4JQueryLoggingListener - 
Name:dataSource, Connection:1, Time:1, Success:True
Type:Statement, Batch:False, QuerySize:1, BatchSize:0
Query:["SELECT COUNT(*) FROM public.databasechangeloglock"]
Params:[]
2025-12-27 19:08:09 DEBUG n.t.d.l.l.SLF4JQueryLoggingListener - 
Name:dataSource, Connection:1, Time:1, Success:True
Type:Statement, Batch:False, QuerySize:1, BatchSize:0
Query:["SELECT COUNT(*) FROM public.databasechangeloglock"]
Params:[]
2025-12-27 19:08:09 DEBUG n.t.d.l.l.SLF4JQueryLoggingListener - 
Name:dataSource, Connection:1, Time:1, Success:True
Type:Statement, Batch:False, QuerySize:1, BatchSize:0
Query:["SHOW SEARCH_PATH"]
Params:[]
2025-12-27 19:08:09 DEBUG n.t.d.l.l.SLF4JQueryLoggingListener - 
Name:dataSource, Connection:1, Time:1, Success:True
Type:Statement, Batch:False, QuerySize:1, BatchSize:0
Query:["SET SEARCH_PATH TO public, "$user","public""]
Params:[]
2025-12-27 19:08:09 DEBUG n.t.d.l.l.SLF4JQueryLoggingListener - 
Name:dataSource, Connection:1, Time:1, Success:True
Type:Statement, Batch:False, QuerySize:1, BatchSize:0
Query:["SHOW SEARCH_PATH"]
Params:[]
2025-12-27 19:08:09 DEBUG n.t.d.l.l.SLF4JQueryLoggingListener - 
Name:dataSource, Connection:1, Time:1, Success:True
Type:Statement, Batch:False, QuerySize:1, BatchSize:0
Query:["SET SEARCH_PATH TO public, "$user","public""]
Params:[]
2025-12-27 19:08:09 INFO  liquibase.ui - Database is up to date, no changesets to execute
2025-12-27 19:08:09 DEBUG n.t.d.l.l.SLF4JQueryLoggingListener - 
Name:dataSource, Connection:1, Time:1, Success:True
Type:Statement, Batch:False, QuerySize:1, BatchSize:0
Query:["SELECT COUNT(*) FROM public.databasechangelog"]
Params:[]
2025-12-27 19:08:09 INFO  liquibase.changelog - Reading from public.databasechangelog
2025-12-27 19:08:09 DEBUG n.t.d.l.l.SLF4JQueryLoggingListener - 
Name:dataSource, Connection:1, Time:2, Success:True
Type:Statement, Batch:False, QuerySize:1, BatchSize:0
Query:["SELECT * FROM public.databasechangelog ORDER BY DATEEXECUTED ASC, ORDEREXECUTED ASC"]
Params:[]
2025-12-27 19:08:09 INFO  liquibase.util - UPDATE SUMMARY
2025-12-27 19:08:09 INFO  liquibase.util - Run:                          0
2025-12-27 19:08:09 INFO  liquibase.util - Previously run:               1
2025-12-27 19:08:09 INFO  liquibase.util - Filtered out:                 0
2025-12-27 19:08:09 INFO  liquibase.util - -------------------------------
2025-12-27 19:08:09 INFO  liquibase.util - Total change sets:            1
2025-12-27 19:08:09 INFO  liquibase.util - Update summary generated
2025-12-27 19:08:09 DEBUG n.t.d.l.l.SLF4JQueryLoggingListener - 
Name:dataSource, Connection:1, Time:0, Success:True
Type:Statement, Batch:False, QuerySize:1, BatchSize:0
Query:["SHOW SEARCH_PATH"]
Params:[]
2025-12-27 19:08:09 DEBUG n.t.d.l.l.SLF4JQueryLoggingListener - 
Name:dataSource, Connection:1, Time:0, Success:True
Type:Statement, Batch:False, QuerySize:1, BatchSize:0
Query:["SET SEARCH_PATH TO public, "$user","public""]
Params:[]
2025-12-27 19:08:09 DEBUG n.t.d.l.l.SLF4JQueryLoggingListener - 
Name:dataSource, Connection:1, Time:3, Success:True
Type:Statement, Batch:False, QuerySize:1, BatchSize:0
Query:["UPDATE public.databasechangeloglock SET LOCKED = FALSE, LOCKEDBY = NULL, LOCKGRANTED = NULL WHERE ID = 1"]
Params:[]
2025-12-27 19:08:09 INFO  liquibase.lockservice - Successfully released change log lock
2025-12-27 19:08:09 DEBUG n.t.d.l.l.SLF4JQueryLoggingListener - 
Name:dataSource, Connection:1, Time:1, Success:True
Type:Statement, Batch:False, QuerySize:1, BatchSize:0
Query:["SHOW SEARCH_PATH"]
Params:[]
2025-12-27 19:08:09 INFO  liquibase.command - Command execution complete
2025-12-27 19:08:09 INFO  o.h.jpa.internal.util.LogHelper - HHH000204: Processing PersistenceUnitInfo [name: default]
2025-12-27 19:08:09 INFO  org.hibernate.Version - HHH000412: Hibernate ORM core version 6.5.2.Final
2025-12-27 19:08:09 INFO  o.h.c.i.RegionFactoryInitiator - HHH000026: Second-level cache disabled
2025-12-27 19:08:09 INFO  o.s.o.j.p.SpringPersistenceUnitInfo - No LoadTimeWeaver setup: ignoring JPA class transformer
2025-12-27 19:08:09 DEBUG n.t.d.l.l.SLF4JQueryLoggingListener - 
Name:dataSource, Connection:3, Time:3, Success:True
Type:Prepared, Batch:False, QuerySize:1, BatchSize:0
Query:["select * from information_schema.sequences"]
Params:[()]
2025-12-27 19:08:10 INFO  o.h.e.t.j.p.i.JtaPlatformInitiator - HHH000489: No JTA platform available (set 'hibernate.transaction.jta.platform' to enable JTA platform integration)
2025-12-27 19:08:10 INFO  o.s.o.j.LocalContainerEntityManagerFactoryBean - Initialized JPA EntityManagerFactory for persistence unit 'default'
2025-12-27 19:08:10 INFO  o.s.d.j.r.query.QueryEnhancerFactory - Hibernate is in classpath; If applicable, HQL parser will be used.
2025-12-27 19:08:11 INFO  o.s.s.c.a.a.c.InitializeAuthenticationProviderBeanManagerConfigurer$InitializeAuthenticationProviderManagerConfigurer - Global AuthenticationManager configured with AuthenticationProvider bean with name authenticationProvider
2025-12-27 19:08:11 WARN  o.s.s.c.a.a.c.InitializeUserDetailsBeanManagerConfigurer$InitializeUserDetailsManagerConfigurer - Global AuthenticationManager configured with an AuthenticationProvider bean. UserDetailsService beans will not be used for username/password login. Consider removing the AuthenticationProvider bean. Alternatively, consider using the UserDetailsService in a manually instantiated DaoAuthenticationProvider.
2025-12-27 19:08:11 WARN  o.s.b.a.o.j.JpaBaseConfiguration$JpaWebConfiguration - spring.jpa.open-in-view is enabled by default. Therefore, database queries may be performed during view rendering. Explicitly configure spring.jpa.open-in-view to disable this warning
2025-12-27 19:08:12 INFO  o.s.b.d.a.OptionalLiveReloadServer - LiveReload server is running on port 35729
2025-12-27 19:08:12 INFO  o.a.coyote.http11.Http11NioProtocol - Starting ProtocolHandler ["http-nio-8080"]
2025-12-27 19:08:12 INFO  o.s.b.w.e.tomcat.TomcatWebServer - Tomcat started on port 8080 (http) with context path '/'
2025-12-27 19:08:12 INFO  c.e.balancing.BalancingApplication - Started BalancingApplication in 6.866 seconds (process running for 7.314)
2025-12-27 19:08:25 INFO  o.a.c.c.C.[Tomcat].[localhost].[/] - Initializing Spring DispatcherServlet 'dispatcherServlet'
2025-12-27 19:08:25 INFO  o.s.web.servlet.DispatcherServlet - Initializing Servlet 'dispatcherServlet'
2025-12-27 19:08:25 INFO  o.s.web.servlet.DispatcherServlet - Completed initialization in 1 ms
2025-12-27 19:08:25 WARN  o.s.w.s.m.m.a.ExceptionHandlerExceptionResolver - Resolved [org.springframework.web.bind.MethodArgumentNotValidException: Validation failed for argument [0] in public org.springframework.http.ResponseEntity<com.example.balancing.payloads.responses.AuthenticationResponse> com.example.balancing.controller.api.ApiAuthenticationController.signUp(com.example.balancing.payloads.requests.SignUpRequest,jakarta.servlet.http.HttpServletResponse) with 2 errors: [Field error in object 'signUpRequest' on field 'email': rejected value [004]; codes [Email.signUpRequest.email,Email.email,Email.java.lang.String,Email]; arguments [org.springframework.context.support.DefaultMessageSourceResolvable: codes [signUpRequest.email,email]; arguments []; default message [email],[Ljakarta.validation.constraints.Pattern$Flag;@4855169d,.*]; default message [[Email] Формат должен соответствовать паттерну user@example.com]] [Field error in object 'signUpRequest' on field 'username': rejected value [kraj]; codes [Size.signUpRequest.username,Size.username,Size.java.lang.String,Size]; arguments [org.springframework.context.support.DefaultMessageSourceResolvable: codes [signUpRequest.username,username]; arguments []; default message [username],30,5]; default message [[Username] Минимальная длина — 5 символов, максимальная — 30]] ]
2025-12-27 19:09:19 WARN  o.s.w.s.m.m.a.ExceptionHandlerExceptionResolver - Resolved [org.springframework.web.bind.MethodArgumentNotValidException: Validation failed for argument [0] in public org.springframework.http.ResponseEntity<com.example.balancing.payloads.responses.AuthenticationResponse> com.example.balancing.controller.api.ApiAuthenticationController.signUp(com.example.balancing.payloads.requests.SignUpRequest,jakarta.servlet.http.HttpServletResponse): [Field error in object 'signUpRequest' on field 'username': rejected value [kraj]; codes [Size.signUpRequest.username,Size.username,Size.java.lang.String,Size]; arguments [org.springframework.context.support.DefaultMessageSourceResolvable: codes [signUpRequest.username,username]; arguments []; default message [username],30,5]; default message [[Username] Минимальная длина — 5 символов, максимальная — 30]] ]
2025-12-27 19:09:33 WARN  o.s.w.s.m.m.a.ExceptionHandlerExceptionResolver - Resolved [org.springframework.web.bind.MethodArgumentNotValidException: Validation failed for argument [0] in public org.springframework.http.ResponseEntity<com.example.balancing.payloads.responses.AuthenticationResponse> com.example.balancing.controller.api.ApiAuthenticationController.signUp(com.example.balancing.payloads.requests.SignUpRequest,jakarta.servlet.http.HttpServletResponse): [Field error in object 'signUpRequest' on field 'password': rejected value [1]; codes [Size.signUpRequest.password,Size.password,Size.java.lang.String,Size]; arguments [org.springframework.context.support.DefaultMessageSourceResolvable: codes [signUpRequest.password,password]; arguments []; default message [password],255,5]; default message [[Password] Минимальная длина пароля — 5 символов, максимальная — 255]] ]
2025-12-27 19:09:45 DEBUG n.t.d.l.l.SLF4JQueryLoggingListener - 
Name:dataSource, Connection:4, Time:3, Success:True
Type:Prepared, Batch:False, QuerySize:1, BatchSize:0
Query:["select * from users u where u.username = ? or u.email = ?"]
Params:[(krajoff,004@ya.ru)]
2025-12-27 19:09:45 DEBUG n.t.d.l.l.SLF4JQueryLoggingListener - 
Name:dataSource, Connection:4, Time:1, Success:True
Type:Prepared, Batch:False, QuerySize:1, BatchSize:0
Query:["select u1_0.id,u1_0.created_on,u1_0.email,u1_0.password,u1_0.role,u1_0.updated_on,u1_0.username from users u1_0 where u1_0.username=?"]
Params:[(krajoff)]
2025-12-27 19:09:45 DEBUG n.t.d.l.l.SLF4JQueryLoggingListener - 
Name:dataSource, Connection:4, Time:6, Success:False
Type:Prepared, Batch:False, QuerySize:1, BatchSize:0
Query:["insert into users (created_on,email,password,role,updated_on,username) values (?,?,?,?,?,?) returning id"]
Params:[(2025-12-27 19:09:45.744,004@ya.ru,$2a$12$bY0NTL1wsVY83n7FbT02Eel0BCrHhGaQuJyhNokITkJ/oRFfFvdvq,ROLE_USER,2025-12-27 19:09:45.744,krajoff)]
2025-12-27 19:09:45 WARN  o.h.e.jdbc.spi.SqlExceptionHelper - SQL Error: 0, SQLState: 23514
2025-12-27 19:09:45 ERROR o.h.e.jdbc.spi.SqlExceptionHelper - ERROR: new row for relation "users" violates check constraint "users_role_check"
  Detail: Failing row contains (4, 004@ya.ru, krajoff, $2a$12$bY0NTL1wsVY83n7FbT02Eel0BCrHhGaQuJyhNokITkJ/oRFfFvdvq, 1, ROLE_USER, 2025-12-27 19:09:45.744, 2025-12-27 19:09:45.744).
2025-12-27 19:09:45 ERROR o.a.c.c.C.[.[.[.[dispatcherServlet] - Servlet.service() for servlet [dispatcherServlet] in context with path [] threw exception [Request processing failed: org.springframework.dao.DataIntegrityViolationException: could not execute statement [ERROR: new row for relation "users" violates check constraint "users_role_check"
  Detail: Failing row contains (4, 004@ya.ru, krajoff, $2a$12$bY0NTL1wsVY83n7FbT02Eel0BCrHhGaQuJyhNokITkJ/oRFfFvdvq, 1, ROLE_USER, 2025-12-27 19:09:45.744, 2025-12-27 19:09:45.744).] [insert into users (created_on,email,password,role,updated_on,username) values (?,?,?,?,?,?) returning id]; SQL [insert into users (created_on,email,password,role,updated_on,username) values (?,?,?,?,?,?) returning id]; constraint [users_role_check]] with root cause
org.postgresql.util.PSQLException: ERROR: new row for relation "users" violates check constraint "users_role_check"
  Detail: Failing row contains (4, 004@ya.ru, krajoff, $2a$12$bY0NTL1wsVY83n7FbT02Eel0BCrHhGaQuJyhNokITkJ/oRFfFvdvq, 1, ROLE_USER, 2025-12-27 19:09:45.744, 2025-12-27 19:09:45.744).
	at org.postgresql.core.v3.QueryExecutorImpl.receiveErrorResponse(QueryExecutorImpl.java:2725)
	at org.postgresql.core.v3.QueryExecutorImpl.processResults(QueryExecutorImpl.java:2412)
	at org.postgresql.core.v3.QueryExecutorImpl.execute(QueryExecutorImpl.java:371)
	at org.postgresql.jdbc.PgStatement.executeInternal(PgStatement.java:502)
	at org.postgresql.jdbc.PgStatement.execute(PgStatement.java:419)
	at org.postgresql.jdbc.PgPreparedStatement.executeWithFlags(PgPreparedStatement.java:194)
	at org.postgresql.jdbc.PgPreparedStatement.execute(PgPreparedStatement.java:180)
	at com.zaxxer.hikari.pool.ProxyPreparedStatement.execute(ProxyPreparedStatement.java:44)
	at com.zaxxer.hikari.pool.HikariProxyPreparedStatement.execute(HikariProxyPreparedStatement.java)
	at java.base/jdk.internal.reflect.NativeMethodAccessorImpl.invoke0(Native Method)
	at java.base/jdk.internal.reflect.NativeMethodAccessorImpl.invoke(NativeMethodAccessorImpl.java:77)
	at java.base/jdk.internal.reflect.DelegatingMethodAccessorImpl.invoke(DelegatingMethodAccessorImpl.java:43)
	at java.base/java.lang.reflect.Method.invoke(Method.java:568)
	at net.ttddyy.dsproxy.proxy.StatementProxyLogic.performProxyLogic(StatementProxyLogic.java:287)
	at net.ttddyy.dsproxy.proxy.ProxyLogicSupport.proceedMethodExecution(ProxyLogicSupport.java:103)
	at net.ttddyy.dsproxy.proxy.StatementProxyLogic.invoke(StatementProxyLogic.java:119)
	at net.ttddyy.dsproxy.proxy.jdk.PreparedStatementInvocationHandler.invoke(PreparedStatementInvocationHandler.java:37)
	at jdk.proxy2/jdk.proxy2.$Proxy144.execute(Unknown Source)
	at org.hibernate.engine.jdbc.internal.ResultSetReturnImpl.execute(ResultSetReturnImpl.java:129)
	at org.hibernate.id.insert.InsertReturningDelegate.executeAndExtractReturning(InsertReturningDelegate.java:96)
	at org.hibernate.id.insert.AbstractReturningDelegate.performMutation(AbstractReturningDelegate.java:58)
	at org.hibernate.engine.jdbc.mutation.internal.MutationExecutorSingleNonBatched.performNonBatchedOperations(MutationExecutorSingleNonBatched.java:47)
	at org.hibernate.engine.jdbc.mutation.internal.AbstractMutationExecutor.execute(AbstractMutationExecutor.java:55)
	at org.hibernate.persister.entity.mutation.InsertCoordinatorStandard.doStaticInserts(InsertCoordinatorStandard.java:194)
	at org.hibernate.persister.entity.mutation.InsertCoordinatorStandard.coordinateInsert(InsertCoordinatorStandard.java:132)
	at org.hibernate.persister.entity.mutation.InsertCoordinatorStandard.insert(InsertCoordinatorStandard.java:95)
	at org.hibernate.action.internal.EntityIdentityInsertAction.execute(EntityIdentityInsertAction.java:85)
	at org.hibernate.engine.spi.ActionQueue.execute(ActionQueue.java:670)
	at org.hibernate.engine.spi.ActionQueue.addResolvedEntityInsertAction(ActionQueue.java:291)
	at org.hibernate.engine.spi.ActionQueue.addInsertAction(ActionQueue.java:272)
	at org.hibernate.engine.spi.ActionQueue.addAction(ActionQueue.java:322)
	at org.hibernate.event.internal.AbstractSaveEventListener.addInsertAction(AbstractSaveEventListener.java:391)
	at org.hibernate.event.internal.AbstractSaveEventListener.performSaveOrReplicate(AbstractSaveEventListener.java:305)
	at org.hibernate.event.internal.AbstractSaveEventListener.performSave(AbstractSaveEventListener.java:224)
	at org.hibernate.event.internal.AbstractSaveEventListener.saveWithGeneratedId(AbstractSaveEventListener.java:137)
	at org.hibernate.event.internal.DefaultPersistEventListener.entityIsTransient(DefaultPersistEventListener.java:175)
	at org.hibernate.event.internal.DefaultPersistEventListener.persist(DefaultPersistEventListener.java:93)
	at org.hibernate.event.internal.DefaultPersistEventListener.onPersist(DefaultPersistEventListener.java:77)
	at org.hibernate.event.internal.DefaultPersistEventListener.onPersist(DefaultPersistEventListener.java:54)
	at org.hibernate.event.service.internal.EventListenerGroupImpl.fireEventOnEachListener(EventListenerGroupImpl.java:127)
	at org.hibernate.internal.SessionImpl.firePersist(SessionImpl.java:757)
	at org.hibernate.internal.SessionImpl.persist(SessionImpl.java:741)
	at java.base/jdk.internal.reflect.NativeMethodAccessorImpl.invoke0(Native Method)
	at java.base/jdk.internal.reflect.NativeMethodAccessorImpl.invoke(NativeMethodAccessorImpl.java:77)
	at java.base/jdk.internal.reflect.DelegatingMethodAccessorImpl.invoke(DelegatingMethodAccessorImpl.java:43)
	at java.base/java.lang.reflect.Method.invoke(Method.java:568)
	at org.springframework.orm.jpa.ExtendedEntityManagerCreator$ExtendedEntityManagerInvocationHandler.invoke(ExtendedEntityManagerCreator.java:364)
	at jdk.proxy4/jdk.proxy4.$Proxy157.persist(Unknown Source)
	at java.base/jdk.internal.reflect.NativeMethodAccessorImpl.invoke0(Native Method)
	at java.base/jdk.internal.reflect.NativeMethodAccessorImpl.invoke(NativeMethodAccessorImpl.java:77)
	at java.base/jdk.internal.reflect.DelegatingMethodAccessorImpl.invoke(DelegatingMethodAccessorImpl.java:43)
	at java.base/java.lang.reflect.Method.invoke(Method.java:568)
	at org.springframework.orm.jpa.SharedEntityManagerCreator$SharedEntityManagerInvocationHandler.invoke(SharedEntityManagerCreator.java:319)
	at jdk.proxy4/jdk.proxy4.$Proxy157.persist(Unknown Source)
	at org.springframework.data.jpa.repository.support.SimpleJpaRepository.save(SimpleJpaRepository.java:629)
	at java.base/jdk.internal.reflect.NativeMethodAccessorImpl.invoke0(Native Method)
	at java.base/jdk.internal.reflect.NativeMethodAccessorImpl.invoke(NativeMethodAccessorImpl.java:77)
	at java.base/jdk.internal.reflect.DelegatingMethodAccessorImpl.invoke(DelegatingMethodAccessorImpl.java:43)
	at java.base/java.lang.reflect.Method.invoke(Method.java:568)
	at org.springframework.aop.support.AopUtils.invokeJoinpointUsingReflection(AopUtils.java:354)
	at org.springframework.data.repository.core.support.RepositoryMethodInvoker$RepositoryFragmentMethodInvoker.lambda$new$0(RepositoryMethodInvoker.java:277)
	at org.springframework.data.repository.core.support.RepositoryMethodInvoker.doInvoke(RepositoryMethodInvoker.java:170)
	at org.springframework.data.repository.core.support.RepositoryMethodInvoker.invoke(RepositoryMethodInvoker.java:158)
	at org.springframework.data.repository.core.support.RepositoryComposition$RepositoryFragments.invoke(RepositoryComposition.java:516)
	at org.springframework.data.repository.core.support.RepositoryComposition.invoke(RepositoryComposition.java:285)
	at org.springframework.data.repository.core.support.RepositoryFactorySupport$ImplementationMethodExecutionInterceptor.invoke(RepositoryFactorySupport.java:628)
	at org.springframework.aop.framework.ReflectiveMethodInvocation.proceed(ReflectiveMethodInvocation.java:184)
	at org.springframework.data.repository.core.support.QueryExecutorMethodInterceptor.doInvoke(QueryExecutorMethodInterceptor.java:168)
	at org.springframework.data.repository.core.support.QueryExecutorMethodInterceptor.invoke(QueryExecutorMethodInterceptor.java:143)
	at org.springframework.aop.framework.ReflectiveMethodInvocation.proceed(ReflectiveMethodInvocation.java:184)
	at org.springframework.data.projection.DefaultMethodInvokingMethodInterceptor.invoke(DefaultMethodInvokingMethodInterceptor.java:70)
	at org.springframework.aop.framework.ReflectiveMethodInvocation.proceed(ReflectiveMethodInvocation.java:184)
	at org.springframework.transaction.interceptor.TransactionAspectSupport.invokeWithinTransaction(TransactionAspectSupport.java:379)
	at org.springframework.transaction.interceptor.TransactionInterceptor.invoke(TransactionInterceptor.java:119)
	at org.springframework.aop.framework.ReflectiveMethodInvocation.proceed(ReflectiveMethodInvocation.java:184)
	at org.springframework.dao.support.PersistenceExceptionTranslationInterceptor.invoke(PersistenceExceptionTranslationInterceptor.java:138)
	at org.springframework.aop.framework.ReflectiveMethodInvocation.proceed(ReflectiveMethodInvocation.java:184)
	at org.springframework.data.jpa.repository.support.CrudMethodMetadataPostProcessor$CrudMethodMetadataPopulatingMethodInterceptor.invoke(CrudMethodMetadataPostProcessor.java:165)
	at org.springframework.aop.framework.ReflectiveMethodInvocation.proceed(ReflectiveMethodInvocation.java:184)
	at org.springframework.aop.interceptor.ExposeInvocationInterceptor.invoke(ExposeInvocationInterceptor.java:97)
	at org.springframework.aop.framework.ReflectiveMethodInvocation.proceed(ReflectiveMethodInvocation.java:184)
	at org.springframework.aop.framework.JdkDynamicAopProxy.invoke(JdkDynamicAopProxy.java:223)
	at jdk.proxy4/jdk.proxy4.$Proxy162.save(Unknown Source)
	at com.example.balancing.services.user.UserServiceImpl.createUser(UserServiceImpl.java:35)
	at com.example.balancing.services.auth.AuthenticationService.signUp(AuthenticationService.java:50)
	at com.example.balancing.controller.api.ApiAuthenticationController.signUp(ApiAuthenticationController.java:33)
	at java.base/jdk.internal.reflect.NativeMethodAccessorImpl.invoke0(Native Method)
	at java.base/jdk.internal.reflect.NativeMethodAccessorImpl.invoke(NativeMethodAccessorImpl.java:77)
	at java.base/jdk.internal.reflect.DelegatingMethodAccessorImpl.invoke(DelegatingMethodAccessorImpl.java:43)
	at java.base/java.lang.reflect.Method.invoke(Method.java:568)
	at org.springframework.web.method.support.InvocableHandlerMethod.doInvoke(InvocableHandlerMethod.java:255)
	at org.springframework.web.method.support.InvocableHandlerMethod.invokeForRequest(InvocableHandlerMethod.java:188)
	at org.springframework.web.servlet.mvc.method.annotation.ServletInvocableHandlerMethod.invokeAndHandle(ServletInvocableHandlerMethod.java:118)
	at org.springframework.web.servlet.mvc.method.annotation.RequestMappingHandlerAdapter.invokeHandlerMethod(RequestMappingHandlerAdapter.java:926)
	at org.springframework.web.servlet.mvc.method.annotation.RequestMappingHandlerAdapter.handleInternal(RequestMappingHandlerAdapter.java:831)
	at org.springframework.web.servlet.mvc.method.AbstractHandlerMethodAdapter.handle(AbstractHandlerMethodAdapter.java:87)
	at org.springframework.web.servlet.DispatcherServlet.doDispatch(DispatcherServlet.java:1089)
	at org.springframework.web.servlet.DispatcherServlet.doService(DispatcherServlet.java:979)
	at org.springframework.web.servlet.FrameworkServlet.processRequest(FrameworkServlet.java:1014)
	at org.springframework.web.servlet.FrameworkServlet.doPost(FrameworkServlet.java:914)
	at jakarta.servlet.http.HttpServlet.service(HttpServlet.java:590)
	at org.springframework.web.servlet.FrameworkServlet.service(FrameworkServlet.java:885)
	at jakarta.servlet.http.HttpServlet.service(HttpServlet.java:658)
	at org.apache.catalina.core.ApplicationFilterChain.internalDoFilter(ApplicationFilterChain.java:195)
	at org.apache.catalina.core.ApplicationFilterChain.doFilter(ApplicationFilterChain.java:140)
	at org.apache.tomcat.websocket.server.WsFilter.doFilter(WsFilter.java:51)
	at org.apache.catalina.core.ApplicationFilterChain.internalDoFilter(ApplicationFilterChain.java:164)
	at org.apache.catalina.core.ApplicationFilterChain.doFilter(ApplicationFilterChain.java:140)
	at com.example.balancing.filters.CookieAuthenticationFilter.doFilterInternal(CookieAuthenticationFilter.java:40)
	at org.springframework.web.filter.OncePerRequestFilter.doFilter(OncePerRequestFilter.java:116)
	at org.apache.catalina.core.ApplicationFilterChain.internalDoFilter(ApplicationFilterChain.java:164)
	at org.apache.catalina.core.ApplicationFilterChain.doFilter(ApplicationFilterChain.java:140)
	at org.springframework.web.servlet.resource.ResourceUrlEncodingFilter.doFilter(ResourceUrlEncodingFilter.java:66)
	at org.apache.catalina.core.ApplicationFilterChain.internalDoFilter(ApplicationFilterChain.java:164)
	at org.apache.catalina.core.ApplicationFilterChain.doFilter(ApplicationFilterChain.java:140)
	at org.springframework.web.filter.CompositeFilter$VirtualFilterChain.doFilter(CompositeFilter.java:108)
	at org.springframework.security.web.FilterChainProxy.lambda$doFilterInternal$3(FilterChainProxy.java:231)
	at org.springframework.security.web.FilterChainProxy$VirtualFilterChain.doFilter(FilterChainProxy.java:365)
	at org.springframework.security.web.access.intercept.AuthorizationFilter.doFilter(AuthorizationFilter.java:100)
	at org.springframework.security.web.FilterChainProxy$VirtualFilterChain.doFilter(FilterChainProxy.java:374)
	at org.springframework.security.web.access.ExceptionTranslationFilter.doFilter(ExceptionTranslationFilter.java:126)
	at org.springframework.security.web.access.ExceptionTranslationFilter.doFilter(ExceptionTranslationFilter.java:120)
	at org.springframework.security.web.FilterChainProxy$VirtualFilterChain.doFilter(FilterChainProxy.java:374)
	at org.springframework.security.web.session.SessionManagementFilter.doFilter(SessionManagementFilter.java:131)
	at org.springframework.security.web.session.SessionManagementFilter.doFilter(SessionManagementFilter.java:85)
	at org.springframework.security.web.FilterChainProxy$VirtualFilterChain.doFilter(FilterChainProxy.java:374)
	at org.springframework.security.web.authentication.AnonymousAuthenticationFilter.doFilter(AnonymousAuthenticationFilter.java:100)
	at org.springframework.security.web.FilterChainProxy$VirtualFilterChain.doFilter(FilterChainProxy.java:374)
	at org.springframework.security.web.servletapi.SecurityContextHolderAwareRequestFilter.doFilter(SecurityContextHolderAwareRequestFilter.java:179)
	at org.springframework.security.web.FilterChainProxy$VirtualFilterChain.doFilter(FilterChainProxy.java:374)
	at org.springframework.security.web.savedrequest.RequestCacheAwareFilter.doFilter(RequestCacheAwareFilter.java:63)
	at org.springframework.security.web.FilterChainProxy$VirtualFilterChain.doFilter(FilterChainProxy.java:374)
	at org.springframework.security.web.session.ConcurrentSessionFilter.doFilter(ConcurrentSessionFilter.java:151)
	at org.springframework.security.web.session.ConcurrentSessionFilter.doFilter(ConcurrentSessionFilter.java:129)
	at org.springframework.security.web.FilterChainProxy$VirtualFilterChain.doFilter(FilterChainProxy.java:374)
	at org.springframework.security.web.authentication.AbstractAuthenticationProcessingFilter.doFilter(AbstractAuthenticationProcessingFilter.java:227)
	at org.springframework.security.web.authentication.AbstractAuthenticationProcessingFilter.doFilter(AbstractAuthenticationProcessingFilter.java:221)
	at org.springframework.security.web.FilterChainProxy$VirtualFilterChain.doFilter(FilterChainProxy.java:374)
	at org.springframework.security.web.authentication.logout.LogoutFilter.doFilter(LogoutFilter.java:107)
	at org.springframework.security.web.authentication.logout.LogoutFilter.doFilter(LogoutFilter.java:93)
	at org.springframework.security.web.FilterChainProxy$VirtualFilterChain.doFilter(FilterChainProxy.java:374)
	at org.springframework.security.web.csrf.CsrfFilter.doFilterInternal(CsrfFilter.java:117)
	at org.springframework.web.filter.OncePerRequestFilter.doFilter(OncePerRequestFilter.java:116)
	at org.springframework.security.web.FilterChainProxy$VirtualFilterChain.doFilter(FilterChainProxy.java:374)
	at org.springframework.security.web.header.HeaderWriterFilter.doHeadersAfter(HeaderWriterFilter.java:90)
	at org.springframework.security.web.header.HeaderWriterFilter.doFilterInternal(HeaderWriterFilter.java:75)
	at org.springframework.web.filter.OncePerRequestFilter.doFilter(OncePerRequestFilter.java:116)
	at org.springframework.security.web.FilterChainProxy$VirtualFilterChain.doFilter(FilterChainProxy.java:374)
	at org.springframework.security.web.context.SecurityContextHolderFilter.doFilter(SecurityContextHolderFilter.java:82)
	at org.springframework.security.web.context.SecurityContextHolderFilter.doFilter(SecurityContextHolderFilter.java:69)
	at org.springframework.security.web.FilterChainProxy$VirtualFilterChain.doFilter(FilterChainProxy.java:374)
	at org.springframework.security.web.context.request.async.WebAsyncManagerIntegrationFilter.doFilterInternal(WebAsyncManagerIntegrationFilter.java:62)
	at org.springframework.web.filter.OncePerRequestFilter.doFilter(OncePerRequestFilter.java:116)
	at org.springframework.security.web.FilterChainProxy$VirtualFilterChain.doFilter(FilterChainProxy.java:374)
	at org.springframework.security.web.session.DisableEncodeUrlFilter.doFilterInternal(DisableEncodeUrlFilter.java:42)
	at org.springframework.web.filter.OncePerRequestFilter.doFilter(OncePerRequestFilter.java:116)
	at org.springframework.security.web.FilterChainProxy$VirtualFilterChain.doFilter(FilterChainProxy.java:374)
	at org.springframework.security.web.FilterChainProxy.doFilterInternal(FilterChainProxy.java:233)
	at org.springframework.security.web.FilterChainProxy.doFilter(FilterChainProxy.java:191)
	at org.springframework.web.filter.CompositeFilter$VirtualFilterChain.doFilter(CompositeFilter.java:113)
	at org.springframework.web.servlet.handler.HandlerMappingIntrospector.lambda$createCacheFilter$3(HandlerMappingIntrospector.java:195)
	at org.springframework.web.filter.CompositeFilter$VirtualFilterChain.doFilter(CompositeFilter.java:113)
	at org.springframework.web.filter.CompositeFilter.doFilter(CompositeFilter.java:74)
	at org.springframework.security.config.annotation.web.configuration.WebMvcSecurityConfiguration$CompositeFilterChainProxy.doFilter(WebMvcSecurityConfiguration.java:230)
	at org.springframework.web.filter.DelegatingFilterProxy.invokeDelegate(DelegatingFilterProxy.java:352)
	at org.springframework.web.filter.DelegatingFilterProxy.doFilter(DelegatingFilterProxy.java:268)
	at org.apache.catalina.core.ApplicationFilterChain.internalDoFilter(ApplicationFilterChain.java:164)
	at org.apache.catalina.core.ApplicationFilterChain.doFilter(ApplicationFilterChain.java:140)
	at org.springframework.web.filter.RequestContextFilter.doFilterInternal(RequestContextFilter.java:100)
	at org.springframework.web.filter.OncePerRequestFilter.doFilter(OncePerRequestFilter.java:116)
	at org.apache.catalina.core.ApplicationFilterChain.internalDoFilter(ApplicationFilterChain.java:164)
	at org.apache.catalina.core.ApplicationFilterChain.doFilter(ApplicationFilterChain.java:140)
	at org.springframework.web.filter.FormContentFilter.doFilterInternal(FormContentFilter.java:93)
	at org.springframework.web.filter.OncePerRequestFilter.doFilter(OncePerRequestFilter.java:116)
	at org.apache.catalina.core.ApplicationFilterChain.internalDoFilter(ApplicationFilterChain.java:164)
	at org.apache.catalina.core.ApplicationFilterChain.doFilter(ApplicationFilterChain.java:140)
	at org.springframework.web.filter.CharacterEncodingFilter.doFilterInternal(CharacterEncodingFilter.java:201)
	at org.springframework.web.filter.OncePerRequestFilter.doFilter(OncePerRequestFilter.java:116)
	at org.apache.catalina.core.ApplicationFilterChain.internalDoFilter(ApplicationFilterChain.java:164)
	at org.apache.catalina.core.ApplicationFilterChain.doFilter(ApplicationFilterChain.java:140)
	at org.apache.catalina.core.StandardWrapperValve.invoke(StandardWrapperValve.java:167)
	at org.apache.catalina.core.StandardContextValve.invoke(StandardContextValve.java:90)
	at org.apache.catalina.authenticator.AuthenticatorBase.invoke(AuthenticatorBase.java:483)
	at org.apache.catalina.core.StandardHostValve.invoke(StandardHostValve.java:115)
	at org.apache.catalina.valves.ErrorReportValve.invoke(ErrorReportValve.java:93)
	at org.apache.catalina.core.StandardEngineValve.invoke(StandardEngineValve.java:74)
	at org.apache.catalina.connector.CoyoteAdapter.service(CoyoteAdapter.java:344)
	at org.apache.coyote.http11.Http11Processor.service(Http11Processor.java:389)
	at org.apache.coyote.AbstractProcessorLight.process(AbstractProcessorLight.java:63)
	at org.apache.coyote.AbstractProtocol$ConnectionHandler.process(AbstractProtocol.java:904)
	at org.apache.tomcat.util.net.NioEndpoint$SocketProcessor.doRun(NioEndpoint.java:1741)
	at org.apache.tomcat.util.net.SocketProcessorBase.run(SocketProcessorBase.java:52)
	at org.apache.tomcat.util.threads.ThreadPoolExecutor.runWorker(ThreadPoolExecutor.java:1190)
	at org.apache.tomcat.util.threads.ThreadPoolExecutor$Worker.run(ThreadPoolExecutor.java:659)
	at org.apache.tomcat.util.threads.TaskThread$WrappingRunnable.run(TaskThread.java:63)
	at java.base/java.lang.Thread.run(Thread.java:833)
2025-12-27 19:12:50 INFO  o.h.validator.internal.util.Version - HV000001: Hibernate Validator 8.0.1.Final
2025-12-27 19:12:50 INFO  c.e.balancing.BalancingApplication - Starting BalancingApplication using Java 17.0.6 with PID 16400 (D:\Hobby-JAVA\spring-balancing\build\classes\java\main started by kraj in D:\Hobby-JAVA\spring-balancing)
2025-12-27 19:12:50 INFO  c.e.balancing.BalancingApplication - No active profile set, falling back to 1 default profile: "default"
2025-12-27 19:12:50 INFO  o.s.b.d.e.DevToolsPropertyDefaultsPostProcessor - Devtools property defaults active! Set 'spring.devtools.add-properties' to 'false' to disable
2025-12-27 19:12:50 INFO  o.s.b.d.e.DevToolsPropertyDefaultsPostProcessor - For additional web related logging consider setting the 'logging.level.web' property to 'DEBUG'
2025-12-27 19:12:51 INFO  o.s.d.r.c.RepositoryConfigurationDelegate - Bootstrapping Spring Data JPA repositories in DEFAULT mode.
2025-12-27 19:12:51 INFO  o.s.d.r.c.RepositoryConfigurationDelegate - Finished Spring Data repository scanning in 60 ms. Found 6 JPA repository interfaces.
2025-12-27 19:12:52 INFO  o.s.b.w.e.tomcat.TomcatWebServer - Tomcat initialized with port 8080 (http)
2025-12-27 19:12:52 INFO  o.a.coyote.http11.Http11NioProtocol - Initializing ProtocolHandler ["http-nio-8080"]
2025-12-27 19:12:52 INFO  o.a.catalina.core.StandardService - Starting service [Tomcat]
2025-12-27 19:12:52 INFO  o.a.catalina.core.StandardEngine - Starting Servlet engine: [Apache Tomcat/10.1.26]
2025-12-27 19:12:52 INFO  o.a.c.c.C.[Tomcat].[localhost].[/] - Initializing Spring embedded WebApplicationContext
2025-12-27 19:12:52 INFO  o.s.b.w.s.c.ServletWebServerApplicationContext - Root WebApplicationContext: initialization completed in 1676 ms
2025-12-27 19:12:52 INFO  com.zaxxer.hikari.HikariDataSource - HikariPool-1 - Starting...
2025-12-27 19:12:52 INFO  com.zaxxer.hikari.pool.HikariPool - HikariPool-1 - Added connection org.postgresql.jdbc.PgConnection@7afdb99
2025-12-27 19:12:52 INFO  com.zaxxer.hikari.HikariDataSource - HikariPool-1 - Start completed.
2025-12-27 19:12:52 DEBUG n.t.d.l.l.SLF4JQueryLoggingListener - 
Name:dataSource, Connection:1, Time:3, Success:True
Type:Statement, Batch:False, QuerySize:1, BatchSize:0
Query:["select version()"]
Params:[]
2025-12-27 19:12:52 DEBUG n.t.d.l.l.SLF4JQueryLoggingListener - 
Name:dataSource, Connection:1, Time:2, Success:True
Type:Statement, Batch:False, QuerySize:1, BatchSize:0
Query:["select version()"]
Params:[]
2025-12-27 19:12:52 DEBUG n.t.d.l.l.SLF4JQueryLoggingListener - 
Name:dataSource, Connection:1, Time:2, Success:True
Type:Statement, Batch:False, QuerySize:1, BatchSize:0
Query:["select setting from pg_settings where name = 'edb_redwood_date'"]
Params:[]
2025-12-27 19:12:52 DEBUG n.t.d.l.l.SLF4JQueryLoggingListener - 
Name:dataSource, Connection:1, Time:2, Success:True
Type:Callable, Batch:False, QuerySize:1, BatchSize:0
Query:["select current_schema()"]
Params:[()]
2025-12-27 19:12:52 INFO  liquibase.database - Set default schema name to public
2025-12-27 19:12:53 INFO  liquibase.changelog - Creating database history table with name: public.databasechangelog
2025-12-27 19:12:53 DEBUG n.t.d.l.l.SLF4JQueryLoggingListener - 
Name:dataSource, Connection:1, Time:7, Success:True
Type:Statement, Batch:False, QuerySize:1, BatchSize:0
Query:["CREATE TABLE public.databasechangelog (ID VARCHAR(255) NOT NULL, AUTHOR VARCHAR(255) NOT NULL, FILENAME VARCHAR(255) NOT NULL, DATEEXECUTED TIMESTAMP WITHOUT TIME ZONE NOT NULL, ORDEREXECUTED INTEGER NOT NULL, EXECTYPE VARCHAR(10) NOT NULL, MD5SUM VARCHAR(35), DESCRIPTION VARCHAR(255), COMMENTS VARCHAR(255), TAG VARCHAR(255), LIQUIBASE VARCHAR(20), CONTEXTS VARCHAR(255), LABELS VARCHAR(255), DEPLOYMENT_ID VARCHAR(10))"]
Params:[]
2025-12-27 19:12:53 DEBUG n.t.d.l.l.SLF4JQueryLoggingListener - 
Name:dataSource, Connection:1, Time:1, Success:True
Type:Statement, Batch:False, QuerySize:1, BatchSize:0
Query:["SELECT COUNT(*) FROM public.databasechangelog"]
Params:[]
2025-12-27 19:12:53 INFO  liquibase.changelog - Reading from public.databasechangelog
2025-12-27 19:12:53 DEBUG n.t.d.l.l.SLF4JQueryLoggingListener - 
Name:dataSource, Connection:1, Time:2, Success:True
Type:Statement, Batch:False, QuerySize:1, BatchSize:0
Query:["SELECT * FROM public.databasechangelog ORDER BY DATEEXECUTED ASC, ORDEREXECUTED ASC"]
Params:[]
2025-12-27 19:12:53 DEBUG n.t.d.l.l.SLF4JQueryLoggingListener - 
Name:dataSource, Connection:1, Time:3, Success:False
Type:Statement, Batch:False, QuerySize:1, BatchSize:0
Query:["SELECT COUNT(*) FROM public.databasechangeloglock"]
Params:[]
2025-12-27 19:12:53 DEBUG n.t.d.l.l.SLF4JQueryLoggingListener - 
Name:dataSource, Connection:1, Time:1, Success:True
Type:Statement, Batch:False, QuerySize:1, BatchSize:0
Query:["SHOW SEARCH_PATH"]
Params:[]
2025-12-27 19:12:53 DEBUG n.t.d.l.l.SLF4JQueryLoggingListener - 
Name:dataSource, Connection:1, Time:1, Success:True
Type:Statement, Batch:False, QuerySize:1, BatchSize:0
Query:["SET SEARCH_PATH TO public, "$user","public""]
Params:[]
2025-12-27 19:12:53 DEBUG n.t.d.l.l.SLF4JQueryLoggingListener - 
Name:dataSource, Connection:1, Time:7, Success:True
Type:Statement, Batch:False, QuerySize:1, BatchSize:0
Query:["CREATE TABLE public.databasechangeloglock (ID INTEGER NOT NULL, LOCKED BOOLEAN NOT NULL, LOCKGRANTED TIMESTAMP WITHOUT TIME ZONE, LOCKEDBY VARCHAR(255), CONSTRAINT databasechangeloglock_pkey PRIMARY KEY (ID))"]
Params:[]
2025-12-27 19:12:53 DEBUG n.t.d.l.l.SLF4JQueryLoggingListener - 
Name:dataSource, Connection:1, Time:1, Success:True
Type:Statement, Batch:False, QuerySize:1, BatchSize:0
Query:["SELECT COUNT(*) FROM public.databasechangeloglock"]
Params:[]
2025-12-27 19:12:53 DEBUG n.t.d.l.l.SLF4JQueryLoggingListener - 
Name:dataSource, Connection:1, Time:1, Success:True
Type:Statement, Batch:False, QuerySize:1, BatchSize:0
Query:["DELETE FROM public.databasechangeloglock"]
Params:[]
2025-12-27 19:12:53 DEBUG n.t.d.l.l.SLF4JQueryLoggingListener - 
Name:dataSource, Connection:1, Time:1, Success:True
Type:Statement, Batch:False, QuerySize:1, BatchSize:0
Query:["INSERT INTO public.databasechangeloglock (ID, LOCKED) VALUES (1, FALSE)"]
Params:[]
2025-12-27 19:12:53 DEBUG n.t.d.l.l.SLF4JQueryLoggingListener - 
Name:dataSource, Connection:1, Time:1, Success:True
Type:Statement, Batch:False, QuerySize:1, BatchSize:0
Query:["SHOW SEARCH_PATH"]
Params:[]
2025-12-27 19:12:53 DEBUG n.t.d.l.l.SLF4JQueryLoggingListener - 
Name:dataSource, Connection:1, Time:0, Success:True
Type:Statement, Batch:False, QuerySize:1, BatchSize:0
Query:["SHOW SEARCH_PATH"]
Params:[]
2025-12-27 19:12:53 DEBUG n.t.d.l.l.SLF4JQueryLoggingListener - 
Name:dataSource, Connection:1, Time:1, Success:True
Type:Statement, Batch:False, QuerySize:1, BatchSize:0
Query:["SHOW SEARCH_PATH"]
Params:[]
2025-12-27 19:12:53 DEBUG n.t.d.l.l.SLF4JQueryLoggingListener - 
Name:dataSource, Connection:1, Time:1, Success:True
Type:Statement, Batch:False, QuerySize:1, BatchSize:0
Query:["SELECT COUNT(*) FROM public.databasechangeloglock"]
Params:[]
2025-12-27 19:12:53 DEBUG n.t.d.l.l.SLF4JQueryLoggingListener - 
Name:dataSource, Connection:1, Time:1, Success:True
Type:Statement, Batch:False, QuerySize:1, BatchSize:0
Query:["SELECT COUNT(*) FROM public.databasechangeloglock"]
Params:[]
2025-12-27 19:12:53 DEBUG n.t.d.l.l.SLF4JQueryLoggingListener - 
Name:dataSource, Connection:1, Time:1, Success:True
Type:Statement, Batch:False, QuerySize:1, BatchSize:0
Query:["SELECT LOCKED FROM public.databasechangeloglock WHERE ID=1"]
Params:[]
2025-12-27 19:12:53 DEBUG n.t.d.l.l.SLF4JQueryLoggingListener - 
Name:dataSource, Connection:1, Time:1, Success:True
Type:Statement, Batch:False, QuerySize:1, BatchSize:0
Query:["UPDATE public.databasechangeloglock SET LOCKED = TRUE, LOCKEDBY = 'DESKTOP-A4RTJQM (192.168.1.48)', LOCKGRANTED = NOW() WHERE ID = 1 AND LOCKED = FALSE"]
Params:[]
2025-12-27 19:12:53 INFO  liquibase.lockservice - Successfully acquired change log lock
2025-12-27 19:12:53 DEBUG n.t.d.l.l.SLF4JQueryLoggingListener - 
Name:dataSource, Connection:1, Time:0, Success:True
Type:Statement, Batch:False, QuerySize:1, BatchSize:0
Query:["SHOW SEARCH_PATH"]
Params:[]
2025-12-27 19:12:53 INFO  liquibase.command - Using deploymentId: 6851973294
2025-12-27 19:12:53 DEBUG n.t.d.l.l.SLF4JQueryLoggingListener - 
Name:dataSource, Connection:1, Time:1, Success:True
Type:Statement, Batch:False, QuerySize:1, BatchSize:0
Query:["SELECT COUNT(*) FROM public.databasechangelog"]
Params:[]
2025-12-27 19:12:53 INFO  liquibase.changelog - Reading from public.databasechangelog
2025-12-27 19:12:53 DEBUG n.t.d.l.l.SLF4JQueryLoggingListener - 
Name:dataSource, Connection:1, Time:1, Success:True
Type:Statement, Batch:False, QuerySize:1, BatchSize:0
Query:["SELECT * FROM public.databasechangelog ORDER BY DATEEXECUTED ASC, ORDEREXECUTED ASC"]
Params:[]
2025-12-27 19:12:53 INFO  liquibase.ui - Running Changeset: db/changelog/db.changelog.yaml::1::krajoff
2025-12-27 19:12:53 DEBUG n.t.d.l.l.SLF4JQueryLoggingListener - 
Name:dataSource, Connection:1, Time:0, Success:True
Type:Statement, Batch:False, QuerySize:1, BatchSize:0
Query:["SHOW SEARCH_PATH"]
Params:[]
2025-12-27 19:12:53 DEBUG n.t.d.l.l.SLF4JQueryLoggingListener - 
Name:dataSource, Connection:1, Time:11, Success:True
Type:Statement, Batch:False, QuerySize:1, BatchSize:0
Query:["create table if not exists users (
    id bigint not null generated always as identity,
    email varchar(255) not null,
    username varchar(255) not null,
    password varchar(255) not null,
    priority integer default 1,
    role varchar(16),
    created_on timestamp(6) default current_timestamp,
    updated_on timestamp(6) default current_timestamp,
    primary key (id)
)"]
Params:[]
2025-12-27 19:12:53 DEBUG n.t.d.l.l.SLF4JQueryLoggingListener - 
Name:dataSource, Connection:1, Time:8, Success:True
Type:Statement, Batch:False, QuerySize:1, BatchSize:0
Query:["create unique index idx_users_email on users(email)"]
Params:[]
2025-12-27 19:12:53 DEBUG n.t.d.l.l.SLF4JQueryLoggingListener - 
Name:dataSource, Connection:1, Time:4, Success:True
Type:Statement, Batch:False, QuerySize:1, BatchSize:0
Query:["create unique index idx_users_username on users(username)"]
Params:[]
2025-12-27 19:12:53 DEBUG n.t.d.l.l.SLF4JQueryLoggingListener - 
Name:dataSource, Connection:1, Time:6, Success:True
Type:Statement, Batch:False, QuerySize:1, BatchSize:0
Query:["create table if not exists authorities (
    id bigint not null generated always as identity,
    authority varchar(255),
    user_id bigint,
    primary key (id),
    constraint fk_authorities_user foreign key(user_id) references users(id)
)"]
Params:[]
2025-12-27 19:12:53 DEBUG n.t.d.l.l.SLF4JQueryLoggingListener - 
Name:dataSource, Connection:1, Time:5, Success:True
Type:Statement, Batch:False, QuerySize:1, BatchSize:0
Query:["create unique index idx_authorities_user_authority on authorities(user_id, authority)"]
Params:[]
2025-12-27 19:12:53 DEBUG n.t.d.l.l.SLF4JQueryLoggingListener - 
Name:dataSource, Connection:1, Time:5, Success:True
Type:Statement, Batch:False, QuerySize:1, BatchSize:0
Query:["create table if not exists refresh_tokens (
    id bigint not null generated always as identity,
    expiration timestamp(6) not null,
    token varchar(255) not null,
    user_id bigint,
    primary key (id),
    constraint fk_refresh_tokens_user foreign key(user_id) references users(id)
)"]
Params:[]
2025-12-27 19:12:53 DEBUG n.t.d.l.l.SLF4JQueryLoggingListener - 
Name:dataSource, Connection:1, Time:5, Success:True
Type:Statement, Batch:False, QuerySize:1, BatchSize:0
Query:["create unique index idx_refresh_tokens_token on refresh_tokens(token)"]
Params:[]
2025-12-27 19:12:53 DEBUG n.t.d.l.l.SLF4JQueryLoggingListener - 
Name:dataSource, Connection:1, Time:6, Success:True
Type:Statement, Batch:False, QuerySize:1, BatchSize:0
Query:["create table if not exists stations (
    id bigint not null generated always as identity,
    name varchar(50) default 'no-name-station',
    user_id bigint not null,
    created_on timestamp(6) default current_timestamp,
    updated_on timestamp(6) default current_timestamp,
    version bigint default 1,
    primary key (id)
)"]
Params:[]
2025-12-27 19:12:53 DEBUG n.t.d.l.l.SLF4JQueryLoggingListener - 
Name:dataSource, Connection:1, Time:5, Success:True
Type:Statement, Batch:False, QuerySize:1, BatchSize:0
Query:["create index idx_stations_user_id ON stations(user_id)"]
Params:[]
2025-12-27 19:12:53 DEBUG n.t.d.l.l.SLF4JQueryLoggingListener - 
Name:dataSource, Connection:1, Time:6, Success:True
Type:Statement, Batch:False, QuerySize:1, BatchSize:0
Query:["create table if not exists units (
    id bigint not null generated always as identity,
    unit_number integer default 1,
    unit_type varchar(50) not null default 'no-name-unit',
    weight_precision integer default 0,
    weight_unit_measure varchar(5) default 'kg',
    vibration_precision integer default 0,
    vibration_unit_measure varchar(5) default 'um',
    description varchar(255),
    station_id bigint not null,
    created_on timestamp(6) default current_timestamp,
    updated_on timestamp(6) default current_timestamp,
    version bigint default 1,
    primary key (id),
    constraint units_stations_id_fk foreign key (station_id) references stations(id)
)"]
Params:[]
2025-12-27 19:12:53 DEBUG n.t.d.l.l.SLF4JQueryLoggingListener - 
Name:dataSource, Connection:1, Time:6, Success:True
Type:Statement, Batch:False, QuerySize:1, BatchSize:0
Query:["create index idx_units_station_id ON units(station_id)"]
Params:[]
2025-12-27 19:12:53 DEBUG n.t.d.l.l.SLF4JQueryLoggingListener - 
Name:dataSource, Connection:1, Time:8, Success:True
Type:Statement, Batch:False, QuerySize:1, BatchSize:0
Query:["create table if not exists runs (
    id bigint not null generated always as identity,
    run_number integer default 0,
    reference_run_id bigint,
    unit_id bigint not null,
    run_parameters jsonb,
    created_on timestamp(6) default current_timestamp,
    updated_on timestamp(6) default current_timestamp,
    version bigint default 1,
    primary key (id),
    constraint runs_units_id_fk foreign key (unit_id) references units(id),
    constraint runs_reference_run_fk foreign key (reference_run_id) references runs(id),
    constraint runs_no_self_reference_chk check (reference_run_id is null or reference_run_id <> id)
)"]
Params:[]
2025-12-27 19:12:53 DEBUG n.t.d.l.l.SLF4JQueryLoggingListener - 
Name:dataSource, Connection:1, Time:6, Success:True
Type:Statement, Batch:False, QuerySize:1, BatchSize:0
Query:["create index idx_runs_unit_id on runs(unit_id)"]
Params:[]
2025-12-27 19:12:53 DEBUG n.t.d.l.l.SLF4JQueryLoggingListener - 
Name:dataSource, Connection:1, Time:5, Success:True
Type:Statement, Batch:False, QuerySize:1, BatchSize:0
Query:["create index idx_runs_reference_run_id on runs(reference_run_id)"]
Params:[]
2025-12-27 19:12:53 DEBUG n.t.d.l.l.SLF4JQueryLoggingListener - 
Name:dataSource, Connection:1, Time:5, Success:True
Type:Statement, Batch:False, QuerySize:1, BatchSize:0
Query:["create table if not exists records (
    id bigint not null generated always as identity,
    run_id bigint not null,
    point_name varchar(15) default 'point',
    mode_name varchar(15) default 'No-load 100%n',
    mag_vibration double precision not null default 0,
    phase_vibration double precision not null default 0,
    is_used boolean not null default true,
    is_manual_sensitivity boolean not null default false,
    created_on timestamp(6) default current_timestamp,
    updated_on timestamp(6) default current_timestamp,
    version bigint default 1,
    primary key (id),
    constraint records_runs_id_fk foreign key (run_id) references runs(id)
)"]
Params:[]
2025-12-27 19:12:53 DEBUG n.t.d.l.l.SLF4JQueryLoggingListener - 
Name:dataSource, Connection:1, Time:5, Success:True
Type:Statement, Batch:False, QuerySize:1, BatchSize:0
Query:["create index idx_records_run_id on records(run_id)"]
Params:[]
2025-12-27 19:12:53 DEBUG n.t.d.l.l.SLF4JQueryLoggingListener - 
Name:dataSource, Connection:1, Time:1, Success:True
Type:Statement, Batch:False, QuerySize:1, BatchSize:0
Query:["insert into users (email, username, password) values
    ('iioz@ya.ru', 'nikolay','$2a$12$sq./cdz8r.pv3wmpsjv3x.44//hq5/rm9erxbula4daankit0jork'),
    ('pavel@mail.com', 'pavel','$2a$12$sq./cdz8r.pv3wmpsjv3x.44//hq5/rm9erxbula4daankit0jork'),
    ('nikita@mail.com', 'nikita','$2a$12$sq./cdz8r.pv3wmpsjv3x.44//hq5/rm9erxbula4daankit0jork')"]
Params:[]
2025-12-27 19:12:53 DEBUG n.t.d.l.l.SLF4JQueryLoggingListener - 
Name:dataSource, Connection:1, Time:1, Success:True
Type:Statement, Batch:False, QuerySize:1, BatchSize:0
Query:["insert into stations (name, user_id) values
    ('Туполанг гэс', 1),
    ('Воткиснкая гэс', 1),
    ('Волжская гэс', 1),
    ('Богучанская гэс', 1),
    ('Модельный агрегат', 1),
    ('Нижегородская гэс', 1)"]
Params:[]
2025-12-27 19:12:53 DEBUG n.t.d.l.l.SLF4JQueryLoggingListener - 
Name:dataSource, Connection:1, Time:2, Success:True
Type:Statement, Batch:False, QuerySize:1, BatchSize:0
Query:["insert into units (unit_number, unit_type, station_id) values
    (3, 'СВ 477/180-16 ухл4', 1),
    (7, 'СВ 1548/203-66 ухл4', 4),
    (4, 'СВ 477/180-16 ухл4', 1),
    (8, 'СВ 1488/175-88 ухл4', 2),
    (2, 'СВ 1488/175-88 ухл4', 2),
    (2, 'СВ 1488/200-88 ухл4', 3),
    (1, 'СВ 1345/145-96 ухл4', 6),
    (1, 'без названия', 5)"]
Params:[]
2025-12-27 19:12:53 DEBUG n.t.d.l.l.SLF4JQueryLoggingListener - 
Name:dataSource, Connection:1, Time:2, Success:True
Type:Statement, Batch:False, QuerySize:1, BatchSize:0
Query:["insert into runs (run_number, reference_run_id, run_parameters, unit_id) values
   (0, null, '{"mag_weight": 0, "phase_weight": 0, "num_plane": 1}'::jsonb, 1),
   (1, null, '{"mag_weight": 48, "phase_weight": -135, "num_plane": 1}'::jsonb, 1),
   (2, null, '{"mag_weight": 15.4, "phase_weight": -135, "num_plane": 1}'::jsonb, 1),
   (3, null, '{"mag_weight": 36.4, "phase_weight": -135, "num_plane": 1}'::jsonb, 1),
   (4, null, '{"mag_weight": 37, "phase_weight": 180, "num_plane": 1}'::jsonb, 1),
   (0, null, '{"mag_weight": 0, "phase_weight": 0, "num_plane": 1}'::jsonb, 2),
   (1, null, '{"mag_weight": 250, "phase_weight": 0, "num_plane": 1}'::jsonb, 2),
   (0, null, '{"mag_weight": 0, "phase_weight": 0, "num_plane": 1}'::jsonb, 7),
   (0, 8,    '{"mag_weight": 30, "phase_weight": 0, "num_plane": 1}'::jsonb, 7),
   (0, 8,    '{"mag_weight": 100, "phase_weight": 100, "num_plane": 1}'::jsonb, 7),
   (0, 8,    '{"mag_weight": 50, "phase_weight": -90, "num_plane": 1}'::jsonb, 7),
   (0, 10,   '{"mag_weight": 60, "phase_weight": 90, "num_plane": 1}'::jsonb, 7),
   (0, 9,    '{"mag_weight": 21.2132, "phase_weight": 135, "num_plane": 1}'::jsonb, 7),
   (0, 12,   '{"mag_weight": 21.2132, "phase_weight": 0, "num_plane": 1}'::jsonb, 7),
   (0, null, '{"mag_weight": 36.5, "phase_weight": -135, "num_plane": 1}'::jsonb, 7)"]
Params:[]
2025-12-27 19:12:53 DEBUG n.t.d.l.l.SLF4JQueryLoggingListener - 
Name:dataSource, Connection:1, Time:2, Success:True
Type:Statement, Batch:False, QuerySize:1, BatchSize:0
Query:["insert into records (point_name, mode_name, run_id, mag_vibration, phase_vibration) values
   ('ТП', 'No-load 100%n', 6, 183, 51),
   ('ТП', 'No-load 100%n', 6, 350, 52),
   ('ТП', 'No-load 100%n', 6, 362, 68),
   ('ТП', 'No-load 100%n', 7, 13, 331),
   ('ТП', 'No-load 100%n', 7, 123, 41),
   ('ТП', 'No-load 100%n', 7, 209, 74),

   ('ВГП', 'No-load 100%n', 8, 100, -30),
   ('ВГП', 'No-load 100%n', 9, 126.8706, -23.21),
   ('ВГП', 'No-load 100%n', 10, 84.5237, 35),
   ('ВГП', 'No-load 100%n', 11, 132.2876, -49.1066),
   ('ВГП', 'No-load 100%n', 12, 39.3918, 75.0694),
   ('ВГП', 'No-load 100%n', 13, 107.462, -19.0078),
   ('ВГП', 'No-load 100%n', 14, 88.882, -13.0039),

   ('ВГП', 'No-load 100%n', 1, 400, 174),
   ('ВГП', 'No-load 100%n', 1, 249, 190),
   ('ВГП', 'No-load 100%n', 1, 310, 189),
   ('ВГП', 'No-load 100%n', 1, 312, 189),
   ('ВГП', 'No-load 100%n', 2, 240, 189),
   ('ВГП', 'No-load 100%n', 2, 288, 190),
   ('ВГП', 'No-load 100%n', 2, 278, 192),
   ('ВГП', 'No-load 100%n', 3, 209, 192),
   ('ВГП', 'No-load 100%n', 3, 248, 192),
   ('ВГП', 'No-load 100%n', 3, 244, 194),
   ('ВГП', 'No-load 100%n', 4, 120, 191),
   ('ВГП', 'No-load 100%n', 4, 156, 184),
   ('ВГП', 'No-load 100%n', 4, 147, 193),
   ('ВГП', 'No-load 100%n', 15, 199, 166),
   ('ВГП', 'No-load 100%n', 15, 260, 162),
   ('ВГП', 'No-load 100%n', 15, 196, 177),
   ('ВГП', 'No-load 100%n', 5, 228, 208),
   ('ВГП', 'No-load 100%n', 5, 273, 204),
   ('ВГП', 'No-load 100%n', 5, 259, 207)"]
Params:[]
2025-12-27 19:12:53 INFO  liquibase.changelog - SQL in file db/changelog/sql/init.sql executed
2025-12-27 19:12:53 INFO  liquibase.changelog - ChangeSet db/changelog/db.changelog.yaml::1::krajoff ran successfully in 154ms
2025-12-27 19:12:53 DEBUG n.t.d.l.l.SLF4JQueryLoggingListener - 
Name:dataSource, Connection:1, Time:2, Success:True
Type:Statement, Batch:False, QuerySize:1, BatchSize:0
Query:["SELECT MAX(ORDEREXECUTED) FROM public.databasechangelog"]
Params:[]
2025-12-27 19:12:53 DEBUG n.t.d.l.l.SLF4JQueryLoggingListener - 
Name:dataSource, Connection:1, Time:0, Success:True
Type:Statement, Batch:False, QuerySize:1, BatchSize:0
Query:["INSERT INTO public.databasechangelog (ID, AUTHOR, FILENAME, DATEEXECUTED, ORDEREXECUTED, MD5SUM, DESCRIPTION, COMMENTS, EXECTYPE, CONTEXTS, LABELS, LIQUIBASE, DEPLOYMENT_ID) VALUES ('1', 'krajoff', 'db/changelog/db.changelog.yaml', NOW(), 1, '9:f2eddc611fd84b7b65f638e8d5e06dab', 'sqlFile path=db/changelog/sql/init.sql', '', 'EXECUTED', NULL, NULL, '4.27.0', '6851973294')"]
Params:[]
2025-12-27 19:12:53 INFO  liquibase.util - UPDATE SUMMARY
2025-12-27 19:12:53 INFO  liquibase.util - Run:                          1
2025-12-27 19:12:53 INFO  liquibase.util - Previously run:               0
2025-12-27 19:12:53 INFO  liquibase.util - Filtered out:                 0
2025-12-27 19:12:53 INFO  liquibase.util - -------------------------------
2025-12-27 19:12:53 INFO  liquibase.util - Total change sets:            1
2025-12-27 19:12:53 INFO  liquibase.util - Update summary generated
2025-12-27 19:12:53 INFO  liquibase.command - Update command completed successfully.
2025-12-27 19:12:53 INFO  liquibase.ui - Liquibase: Update has been successful. Rows affected: 65
2025-12-27 19:12:53 DEBUG n.t.d.l.l.SLF4JQueryLoggingListener - 
Name:dataSource, Connection:1, Time:1, Success:True
Type:Statement, Batch:False, QuerySize:1, BatchSize:0
Query:["SHOW SEARCH_PATH"]
Params:[]
2025-12-27 19:12:53 DEBUG n.t.d.l.l.SLF4JQueryLoggingListener - 
Name:dataSource, Connection:1, Time:0, Success:True
Type:Statement, Batch:False, QuerySize:1, BatchSize:0
Query:["UPDATE public.databasechangeloglock SET LOCKED = FALSE, LOCKEDBY = NULL, LOCKGRANTED = NULL WHERE ID = 1"]
Params:[]
2025-12-27 19:12:53 INFO  liquibase.lockservice - Successfully released change log lock
2025-12-27 19:12:53 DEBUG n.t.d.l.l.SLF4JQueryLoggingListener - 
Name:dataSource, Connection:1, Time:1, Success:True
Type:Statement, Batch:False, QuerySize:1, BatchSize:0
Query:["SHOW SEARCH_PATH"]
Params:[]
2025-12-27 19:12:53 INFO  liquibase.command - Command execution complete
2025-12-27 19:12:53 INFO  o.h.jpa.internal.util.LogHelper - HHH000204: Processing PersistenceUnitInfo [name: default]
2025-12-27 19:12:53 INFO  org.hibernate.Version - HHH000412: Hibernate ORM core version 6.5.2.Final
2025-12-27 19:12:53 INFO  o.h.c.i.RegionFactoryInitiator - HHH000026: Second-level cache disabled
2025-12-27 19:12:53 INFO  o.s.o.j.p.SpringPersistenceUnitInfo - No LoadTimeWeaver setup: ignoring JPA class transformer
2025-12-27 19:12:54 DEBUG n.t.d.l.l.SLF4JQueryLoggingListener - 
Name:dataSource, Connection:3, Time:3, Success:True
Type:Prepared, Batch:False, QuerySize:1, BatchSize:0
Query:["select * from information_schema.sequences"]
Params:[()]
2025-12-27 19:12:54 INFO  o.h.e.t.j.p.i.JtaPlatformInitiator - HHH000489: No JTA platform available (set 'hibernate.transaction.jta.platform' to enable JTA platform integration)
2025-12-27 19:12:54 INFO  o.s.o.j.LocalContainerEntityManagerFactoryBean - Initialized JPA EntityManagerFactory for persistence unit 'default'
2025-12-27 19:12:54 INFO  o.s.d.j.r.query.QueryEnhancerFactory - Hibernate is in classpath; If applicable, HQL parser will be used.
2025-12-27 19:12:55 INFO  o.s.s.c.a.a.c.InitializeAuthenticationProviderBeanManagerConfigurer$InitializeAuthenticationProviderManagerConfigurer - Global AuthenticationManager configured with AuthenticationProvider bean with name authenticationProvider
2025-12-27 19:12:55 WARN  o.s.s.c.a.a.c.InitializeUserDetailsBeanManagerConfigurer$InitializeUserDetailsManagerConfigurer - Global AuthenticationManager configured with an AuthenticationProvider bean. UserDetailsService beans will not be used for username/password login. Consider removing the AuthenticationProvider bean. Alternatively, consider using the UserDetailsService in a manually instantiated DaoAuthenticationProvider.
2025-12-27 19:12:55 WARN  o.s.b.a.o.j.JpaBaseConfiguration$JpaWebConfiguration - spring.jpa.open-in-view is enabled by default. Therefore, database queries may be performed during view rendering. Explicitly configure spring.jpa.open-in-view to disable this warning
2025-12-27 19:12:56 INFO  o.s.b.d.a.OptionalLiveReloadServer - LiveReload server is running on port 35729
2025-12-27 19:12:56 INFO  o.a.coyote.http11.Http11NioProtocol - Starting ProtocolHandler ["http-nio-8080"]
2025-12-27 19:12:56 INFO  o.s.b.w.e.tomcat.TomcatWebServer - Tomcat started on port 8080 (http) with context path '/'
2025-12-27 19:12:56 INFO  c.e.balancing.BalancingApplication - Started BalancingApplication in 6.57 seconds (process running for 6.982)
2025-12-27 19:13:03 INFO  o.a.c.c.C.[Tomcat].[localhost].[/] - Initializing Spring DispatcherServlet 'dispatcherServlet'
2025-12-27 19:13:03 INFO  o.s.web.servlet.DispatcherServlet - Initializing Servlet 'dispatcherServlet'
2025-12-27 19:13:03 INFO  o.s.web.servlet.DispatcherServlet - Completed initialization in 2 ms
2025-12-27 19:13:03 DEBUG n.t.d.l.l.SLF4JQueryLoggingListener - 
Name:dataSource, Connection:4, Time:3, Success:True
Type:Prepared, Batch:False, QuerySize:1, BatchSize:0
Query:["select * from users u where u.username = ? or u.email = ?"]
Params:[(krajoff,004@ya.ru)]
2025-12-27 19:13:04 DEBUG n.t.d.l.l.SLF4JQueryLoggingListener - 
Name:dataSource, Connection:4, Time:2, Success:True
Type:Prepared, Batch:False, QuerySize:1, BatchSize:0
Query:["select u1_0.id,u1_0.created_on,u1_0.email,u1_0.password,u1_0.role,u1_0.updated_on,u1_0.username from users u1_0 where u1_0.username=?"]
Params:[(krajoff)]
2025-12-27 19:13:04 DEBUG n.t.d.l.l.SLF4JQueryLoggingListener - 
Name:dataSource, Connection:4, Time:3, Success:True
Type:Prepared, Batch:False, QuerySize:1, BatchSize:0
Query:["insert into users (created_on,email,password,role,updated_on,username) values (?,?,?,?,?,?) returning id"]
Params:[(2025-12-27 19:13:04.241,004@ya.ru,$2a$12$71ulEM2aduzhTlFQtcRRG.tE3nTUgm3HQtVBQJz0JTWzhc0YngsQC,ROLE_USER,2025-12-27 19:13:04.241,krajoff)]
2025-12-27 19:13:04 INFO  c.e.b.s.auth.AuthenticationService - User krajoff created successfully
2025-12-27 19:13:04 DEBUG n.t.d.l.l.SLF4JQueryLoggingListener - 
Name:dataSource, Connection:4, Time:2, Success:False
Type:Prepared, Batch:False, QuerySize:1, BatchSize:0
Query:["select rt1_0.id,rt1_0.created_on,rt1_0.expiration,rt1_0.token,rt1_0.user_id from refresh_tokens rt1_0 where rt1_0.user_id=?"]
Params:[(4)]
2025-12-27 19:13:04 WARN  o.h.e.jdbc.spi.SqlExceptionHelper - SQL Error: 0, SQLState: 42703
2025-12-27 19:13:04 ERROR o.h.e.jdbc.spi.SqlExceptionHelper - ERROR: column rt1_0.created_on does not exist
  Position: 17
2025-12-27 19:13:04 ERROR o.a.c.c.C.[.[.[.[dispatcherServlet] - Servlet.service() for servlet [dispatcherServlet] in context with path [] threw exception [Request processing failed: org.springframework.dao.InvalidDataAccessResourceUsageException: JDBC exception executing SQL [select rt1_0.id,rt1_0.created_on,rt1_0.expiration,rt1_0.token,rt1_0.user_id from refresh_tokens rt1_0 where rt1_0.user_id=?] [ERROR: column rt1_0.created_on does not exist
  Position: 17] [n/a]; SQL [n/a]] with root cause
org.postgresql.util.PSQLException: ERROR: column rt1_0.created_on does not exist
  Position: 17
	at org.postgresql.core.v3.QueryExecutorImpl.receiveErrorResponse(QueryExecutorImpl.java:2725)
	at org.postgresql.core.v3.QueryExecutorImpl.processResults(QueryExecutorImpl.java:2412)
	at org.postgresql.core.v3.QueryExecutorImpl.execute(QueryExecutorImpl.java:371)
	at org.postgresql.jdbc.PgStatement.executeInternal(PgStatement.java:502)
	at org.postgresql.jdbc.PgStatement.execute(PgStatement.java:419)
	at org.postgresql.jdbc.PgPreparedStatement.executeWithFlags(PgPreparedStatement.java:194)
	at org.postgresql.jdbc.PgPreparedStatement.executeQuery(PgPreparedStatement.java:137)
	at com.zaxxer.hikari.pool.ProxyPreparedStatement.executeQuery(ProxyPreparedStatement.java:52)
	at com.zaxxer.hikari.pool.HikariProxyPreparedStatement.executeQuery(HikariProxyPreparedStatement.java)
	at java.base/jdk.internal.reflect.NativeMethodAccessorImpl.invoke0(Native Method)
	at java.base/jdk.internal.reflect.NativeMethodAccessorImpl.invoke(NativeMethodAccessorImpl.java:77)
	at java.base/jdk.internal.reflect.DelegatingMethodAccessorImpl.invoke(DelegatingMethodAccessorImpl.java:43)
	at java.base/java.lang.reflect.Method.invoke(Method.java:568)
	at net.ttddyy.dsproxy.proxy.StatementProxyLogic.performProxyLogic(StatementProxyLogic.java:287)
	at net.ttddyy.dsproxy.proxy.ProxyLogicSupport.proceedMethodExecution(ProxyLogicSupport.java:103)
	at net.ttddyy.dsproxy.proxy.StatementProxyLogic.invoke(StatementProxyLogic.java:119)
	at net.ttddyy.dsproxy.proxy.jdk.PreparedStatementInvocationHandler.invoke(PreparedStatementInvocationHandler.java:37)
	at jdk.proxy2/jdk.proxy2.$Proxy144.executeQuery(Unknown Source)
	at org.hibernate.sql.results.jdbc.internal.DeferredResultSetAccess.executeQuery(DeferredResultSetAccess.java:246)
	at org.hibernate.sql.results.jdbc.internal.DeferredResultSetAccess.getResultSet(DeferredResultSetAccess.java:167)
	at org.hibernate.sql.results.jdbc.internal.JdbcValuesResultSetImpl.advanceNext(JdbcValuesResultSetImpl.java:265)
	at org.hibernate.sql.results.jdbc.internal.JdbcValuesResultSetImpl.processNext(JdbcValuesResultSetImpl.java:145)
	at org.hibernate.sql.results.jdbc.internal.AbstractJdbcValues.next(AbstractJdbcValues.java:19)
	at org.hibernate.sql.results.internal.RowProcessingStateStandardImpl.next(RowProcessingStateStandardImpl.java:67)
	at org.hibernate.sql.results.spi.ListResultsConsumer.consume(ListResultsConsumer.java:204)
	at org.hibernate.sql.results.spi.ListResultsConsumer.consume(ListResultsConsumer.java:33)
	at org.hibernate.sql.exec.internal.JdbcSelectExecutorStandardImpl.doExecuteQuery(JdbcSelectExecutorStandardImpl.java:211)
	at org.hibernate.sql.exec.internal.JdbcSelectExecutorStandardImpl.executeQuery(JdbcSelectExecutorStandardImpl.java:83)
	at org.hibernate.sql.exec.spi.JdbcSelectExecutor.list(JdbcSelectExecutor.java:76)
	at org.hibernate.sql.exec.spi.JdbcSelectExecutor.list(JdbcSelectExecutor.java:65)
	at org.hibernate.query.sqm.internal.ConcreteSqmSelectQueryPlan.lambda$new$2(ConcreteSqmSelectQueryPlan.java:139)
	at org.hibernate.query.sqm.internal.ConcreteSqmSelectQueryPlan.withCacheableSqmInterpretation(ConcreteSqmSelectQueryPlan.java:382)
	at org.hibernate.query.sqm.internal.ConcreteSqmSelectQueryPlan.performList(ConcreteSqmSelectQueryPlan.java:302)
	at org.hibernate.query.sqm.internal.QuerySqmImpl.doList(QuerySqmImpl.java:526)
	at org.hibernate.query.spi.AbstractSelectionQuery.list(AbstractSelectionQuery.java:423)
	at org.hibernate.query.spi.AbstractSelectionQuery.getSingleResult(AbstractSelectionQuery.java:555)
	at org.springframework.data.jpa.repository.query.JpaQueryExecution$SingleEntityExecution.doExecute(JpaQueryExecution.java:223)
	at org.springframework.data.jpa.repository.query.JpaQueryExecution.execute(JpaQueryExecution.java:92)
	at org.springframework.data.jpa.repository.query.AbstractJpaQuery.doExecute(AbstractJpaQuery.java:152)
	at org.springframework.data.jpa.repository.query.AbstractJpaQuery.execute(AbstractJpaQuery.java:140)
	at org.springframework.data.repository.core.support.RepositoryMethodInvoker.doInvoke(RepositoryMethodInvoker.java:170)
	at org.springframework.data.repository.core.support.RepositoryMethodInvoker.invoke(RepositoryMethodInvoker.java:158)
	at org.springframework.data.repository.core.support.QueryExecutorMethodInterceptor.doInvoke(QueryExecutorMethodInterceptor.java:164)
	at org.springframework.data.repository.core.support.QueryExecutorMethodInterceptor.invoke(QueryExecutorMethodInterceptor.java:143)
	at org.springframework.aop.framework.ReflectiveMethodInvocation.proceed(ReflectiveMethodInvocation.java:184)
	at org.springframework.data.projection.DefaultMethodInvokingMethodInterceptor.invoke(DefaultMethodInvokingMethodInterceptor.java:70)
	at org.springframework.aop.framework.ReflectiveMethodInvocation.proceed(ReflectiveMethodInvocation.java:184)
	at org.springframework.transaction.interceptor.TransactionAspectSupport.invokeWithinTransaction(TransactionAspectSupport.java:379)
	at org.springframework.transaction.interceptor.TransactionInterceptor.invoke(TransactionInterceptor.java:119)
	at org.springframework.aop.framework.ReflectiveMethodInvocation.proceed(ReflectiveMethodInvocation.java:184)
	at org.springframework.dao.support.PersistenceExceptionTranslationInterceptor.invoke(PersistenceExceptionTranslationInterceptor.java:138)
	at org.springframework.aop.framework.ReflectiveMethodInvocation.proceed(ReflectiveMethodInvocation.java:184)
	at org.springframework.data.jpa.repository.support.CrudMethodMetadataPostProcessor$CrudMethodMetadataPopulatingMethodInterceptor.invoke(CrudMethodMetadataPostProcessor.java:136)
	at org.springframework.aop.framework.ReflectiveMethodInvocation.proceed(ReflectiveMethodInvocation.java:184)
	at org.springframework.aop.interceptor.ExposeInvocationInterceptor.invoke(ExposeInvocationInterceptor.java:97)
	at org.springframework.aop.framework.ReflectiveMethodInvocation.proceed(ReflectiveMethodInvocation.java:184)
	at org.springframework.aop.framework.JdkDynamicAopProxy.invoke(JdkDynamicAopProxy.java:223)
	at jdk.proxy4/jdk.proxy4.$Proxy164.findByUserId(Unknown Source)
	at com.example.balancing.services.tokens.refresh.RefreshTokenServiceImpl.save(RefreshTokenServiceImpl.java:43)
	at com.example.balancing.services.auth.AuthenticationService.generateTokens(AuthenticationService.java:93)
	at com.example.balancing.services.auth.AuthenticationService.signUp(AuthenticationService.java:53)
	at com.example.balancing.controller.api.ApiAuthenticationController.signUp(ApiAuthenticationController.java:33)
	at java.base/jdk.internal.reflect.NativeMethodAccessorImpl.invoke0(Native Method)
	at java.base/jdk.internal.reflect.NativeMethodAccessorImpl.invoke(NativeMethodAccessorImpl.java:77)
	at java.base/jdk.internal.reflect.DelegatingMethodAccessorImpl.invoke(DelegatingMethodAccessorImpl.java:43)
	at java.base/java.lang.reflect.Method.invoke(Method.java:568)
	at org.springframework.web.method.support.InvocableHandlerMethod.doInvoke(InvocableHandlerMethod.java:255)
	at org.springframework.web.method.support.InvocableHandlerMethod.invokeForRequest(InvocableHandlerMethod.java:188)
	at org.springframework.web.servlet.mvc.method.annotation.ServletInvocableHandlerMethod.invokeAndHandle(ServletInvocableHandlerMethod.java:118)
	at org.springframework.web.servlet.mvc.method.annotation.RequestMappingHandlerAdapter.invokeHandlerMethod(RequestMappingHandlerAdapter.java:926)
	at org.springframework.web.servlet.mvc.method.annotation.RequestMappingHandlerAdapter.handleInternal(RequestMappingHandlerAdapter.java:831)
	at org.springframework.web.servlet.mvc.method.AbstractHandlerMethodAdapter.handle(AbstractHandlerMethodAdapter.java:87)
	at org.springframework.web.servlet.DispatcherServlet.doDispatch(DispatcherServlet.java:1089)
	at org.springframework.web.servlet.DispatcherServlet.doService(DispatcherServlet.java:979)
	at org.springframework.web.servlet.FrameworkServlet.processRequest(FrameworkServlet.java:1014)
	at org.springframework.web.servlet.FrameworkServlet.doPost(FrameworkServlet.java:914)
	at jakarta.servlet.http.HttpServlet.service(HttpServlet.java:590)
	at org.springframework.web.servlet.FrameworkServlet.service(FrameworkServlet.java:885)
	at jakarta.servlet.http.HttpServlet.service(HttpServlet.java:658)
	at org.apache.catalina.core.ApplicationFilterChain.internalDoFilter(ApplicationFilterChain.java:195)
	at org.apache.catalina.core.ApplicationFilterChain.doFilter(ApplicationFilterChain.java:140)
	at org.apache.tomcat.websocket.server.WsFilter.doFilter(WsFilter.java:51)
	at org.apache.catalina.core.ApplicationFilterChain.internalDoFilter(ApplicationFilterChain.java:164)
	at org.apache.catalina.core.ApplicationFilterChain.doFilter(ApplicationFilterChain.java:140)
	at com.example.balancing.filters.CookieAuthenticationFilter.doFilterInternal(CookieAuthenticationFilter.java:40)
	at org.springframework.web.filter.OncePerRequestFilter.doFilter(OncePerRequestFilter.java:116)
	at org.apache.catalina.core.ApplicationFilterChain.internalDoFilter(ApplicationFilterChain.java:164)
	at org.apache.catalina.core.ApplicationFilterChain.doFilter(ApplicationFilterChain.java:140)
	at org.springframework.web.servlet.resource.ResourceUrlEncodingFilter.doFilter(ResourceUrlEncodingFilter.java:66)
	at org.apache.catalina.core.ApplicationFilterChain.internalDoFilter(ApplicationFilterChain.java:164)
	at org.apache.catalina.core.ApplicationFilterChain.doFilter(ApplicationFilterChain.java:140)
	at org.springframework.web.filter.CompositeFilter$VirtualFilterChain.doFilter(CompositeFilter.java:108)
	at org.springframework.security.web.FilterChainProxy.lambda$doFilterInternal$3(FilterChainProxy.java:231)
	at org.springframework.security.web.FilterChainProxy$VirtualFilterChain.doFilter(FilterChainProxy.java:365)
	at org.springframework.security.web.access.intercept.AuthorizationFilter.doFilter(AuthorizationFilter.java:100)
	at org.springframework.security.web.FilterChainProxy$VirtualFilterChain.doFilter(FilterChainProxy.java:374)
	at org.springframework.security.web.access.ExceptionTranslationFilter.doFilter(ExceptionTranslationFilter.java:126)
	at org.springframework.security.web.access.ExceptionTranslationFilter.doFilter(ExceptionTranslationFilter.java:120)
	at org.springframework.security.web.FilterChainProxy$VirtualFilterChain.doFilter(FilterChainProxy.java:374)
	at org.springframework.security.web.session.SessionManagementFilter.doFilter(SessionManagementFilter.java:131)
	at org.springframework.security.web.session.SessionManagementFilter.doFilter(SessionManagementFilter.java:85)
	at org.springframework.security.web.FilterChainProxy$VirtualFilterChain.doFilter(FilterChainProxy.java:374)
	at org.springframework.security.web.authentication.AnonymousAuthenticationFilter.doFilter(AnonymousAuthenticationFilter.java:100)
	at org.springframework.security.web.FilterChainProxy$VirtualFilterChain.doFilter(FilterChainProxy.java:374)
	at org.springframework.security.web.servletapi.SecurityContextHolderAwareRequestFilter.doFilter(SecurityContextHolderAwareRequestFilter.java:179)
	at org.springframework.security.web.FilterChainProxy$VirtualFilterChain.doFilter(FilterChainProxy.java:374)
	at org.springframework.security.web.savedrequest.RequestCacheAwareFilter.doFilter(RequestCacheAwareFilter.java:63)
	at org.springframework.security.web.FilterChainProxy$VirtualFilterChain.doFilter(FilterChainProxy.java:374)
	at org.springframework.security.web.session.ConcurrentSessionFilter.doFilter(ConcurrentSessionFilter.java:151)
	at org.springframework.security.web.session.ConcurrentSessionFilter.doFilter(ConcurrentSessionFilter.java:129)
	at org.springframework.security.web.FilterChainProxy$VirtualFilterChain.doFilter(FilterChainProxy.java:374)
	at org.springframework.security.web.authentication.AbstractAuthenticationProcessingFilter.doFilter(AbstractAuthenticationProcessingFilter.java:227)
	at org.springframework.security.web.authentication.AbstractAuthenticationProcessingFilter.doFilter(AbstractAuthenticationProcessingFilter.java:221)
	at org.springframework.security.web.FilterChainProxy$VirtualFilterChain.doFilter(FilterChainProxy.java:374)
	at org.springframework.security.web.authentication.logout.LogoutFilter.doFilter(LogoutFilter.java:107)
	at org.springframework.security.web.authentication.logout.LogoutFilter.doFilter(LogoutFilter.java:93)
	at org.springframework.security.web.FilterChainProxy$VirtualFilterChain.doFilter(FilterChainProxy.java:374)
	at org.springframework.security.web.csrf.CsrfFilter.doFilterInternal(CsrfFilter.java:117)
	at org.springframework.web.filter.OncePerRequestFilter.doFilter(OncePerRequestFilter.java:116)
	at org.springframework.security.web.FilterChainProxy$VirtualFilterChain.doFilter(FilterChainProxy.java:374)
	at org.springframework.security.web.header.HeaderWriterFilter.doHeadersAfter(HeaderWriterFilter.java:90)
	at org.springframework.security.web.header.HeaderWriterFilter.doFilterInternal(HeaderWriterFilter.java:75)
	at org.springframework.web.filter.OncePerRequestFilter.doFilter(OncePerRequestFilter.java:116)
	at org.springframework.security.web.FilterChainProxy$VirtualFilterChain.doFilter(FilterChainProxy.java:374)
	at org.springframework.security.web.context.SecurityContextHolderFilter.doFilter(SecurityContextHolderFilter.java:82)
	at org.springframework.security.web.context.SecurityContextHolderFilter.doFilter(SecurityContextHolderFilter.java:69)
	at org.springframework.security.web.FilterChainProxy$VirtualFilterChain.doFilter(FilterChainProxy.java:374)
	at org.springframework.security.web.context.request.async.WebAsyncManagerIntegrationFilter.doFilterInternal(WebAsyncManagerIntegrationFilter.java:62)
	at org.springframework.web.filter.OncePerRequestFilter.doFilter(OncePerRequestFilter.java:116)
	at org.springframework.security.web.FilterChainProxy$VirtualFilterChain.doFilter(FilterChainProxy.java:374)
	at org.springframework.security.web.session.DisableEncodeUrlFilter.doFilterInternal(DisableEncodeUrlFilter.java:42)
	at org.springframework.web.filter.OncePerRequestFilter.doFilter(OncePerRequestFilter.java:116)
	at org.springframework.security.web.FilterChainProxy$VirtualFilterChain.doFilter(FilterChainProxy.java:374)
	at org.springframework.security.web.FilterChainProxy.doFilterInternal(FilterChainProxy.java:233)
	at org.springframework.security.web.FilterChainProxy.doFilter(FilterChainProxy.java:191)
	at org.springframework.web.filter.CompositeFilter$VirtualFilterChain.doFilter(CompositeFilter.java:113)
	at org.springframework.web.servlet.handler.HandlerMappingIntrospector.lambda$createCacheFilter$3(HandlerMappingIntrospector.java:195)
	at org.springframework.web.filter.CompositeFilter$VirtualFilterChain.doFilter(CompositeFilter.java:113)
	at org.springframework.web.filter.CompositeFilter.doFilter(CompositeFilter.java:74)
	at org.springframework.security.config.annotation.web.configuration.WebMvcSecurityConfiguration$CompositeFilterChainProxy.doFilter(WebMvcSecurityConfiguration.java:230)
	at org.springframework.web.filter.DelegatingFilterProxy.invokeDelegate(DelegatingFilterProxy.java:352)
	at org.springframework.web.filter.DelegatingFilterProxy.doFilter(DelegatingFilterProxy.java:268)
	at org.apache.catalina.core.ApplicationFilterChain.internalDoFilter(ApplicationFilterChain.java:164)
	at org.apache.catalina.core.ApplicationFilterChain.doFilter(ApplicationFilterChain.java:140)
	at org.springframework.web.filter.RequestContextFilter.doFilterInternal(RequestContextFilter.java:100)
	at org.springframework.web.filter.OncePerRequestFilter.doFilter(OncePerRequestFilter.java:116)
	at org.apache.catalina.core.ApplicationFilterChain.internalDoFilter(ApplicationFilterChain.java:164)
	at org.apache.catalina.core.ApplicationFilterChain.doFilter(ApplicationFilterChain.java:140)
	at org.springframework.web.filter.FormContentFilter.doFilterInternal(FormContentFilter.java:93)
	at org.springframework.web.filter.OncePerRequestFilter.doFilter(OncePerRequestFilter.java:116)
	at org.apache.catalina.core.ApplicationFilterChain.internalDoFilter(ApplicationFilterChain.java:164)
	at org.apache.catalina.core.ApplicationFilterChain.doFilter(ApplicationFilterChain.java:140)
	at org.springframework.web.filter.CharacterEncodingFilter.doFilterInternal(CharacterEncodingFilter.java:201)
	at org.springframework.web.filter.OncePerRequestFilter.doFilter(OncePerRequestFilter.java:116)
	at org.apache.catalina.core.ApplicationFilterChain.internalDoFilter(ApplicationFilterChain.java:164)
	at org.apache.catalina.core.ApplicationFilterChain.doFilter(ApplicationFilterChain.java:140)
	at org.apache.catalina.core.StandardWrapperValve.invoke(StandardWrapperValve.java:167)
	at org.apache.catalina.core.StandardContextValve.invoke(StandardContextValve.java:90)
	at org.apache.catalina.authenticator.AuthenticatorBase.invoke(AuthenticatorBase.java:483)
	at org.apache.catalina.core.StandardHostValve.invoke(StandardHostValve.java:115)
	at org.apache.catalina.valves.ErrorReportValve.invoke(ErrorReportValve.java:93)
	at org.apache.catalina.core.StandardEngineValve.invoke(StandardEngineValve.java:74)
	at org.apache.catalina.connector.CoyoteAdapter.service(CoyoteAdapter.java:344)
	at org.apache.coyote.http11.Http11Processor.service(Http11Processor.java:389)
	at org.apache.coyote.AbstractProcessorLight.process(AbstractProcessorLight.java:63)
	at org.apache.coyote.AbstractProtocol$ConnectionHandler.process(AbstractProtocol.java:904)
	at org.apache.tomcat.util.net.NioEndpoint$SocketProcessor.doRun(NioEndpoint.java:1741)
	at org.apache.tomcat.util.net.SocketProcessorBase.run(SocketProcessorBase.java:52)
	at org.apache.tomcat.util.threads.ThreadPoolExecutor.runWorker(ThreadPoolExecutor.java:1190)
	at org.apache.tomcat.util.threads.ThreadPoolExecutor$Worker.run(ThreadPoolExecutor.java:659)
	at org.apache.tomcat.util.threads.TaskThread$WrappingRunnable.run(TaskThread.java:63)
	at java.base/java.lang.Thread.run(Thread.java:833)
2025-12-27 19:16:20 INFO  o.h.validator.internal.util.Version - HV000001: Hibernate Validator 8.0.1.Final
2025-12-27 19:16:20 INFO  c.e.balancing.BalancingApplication - Starting BalancingApplication using Java 17.0.6 with PID 18364 (D:\Hobby-JAVA\spring-balancing\build\classes\java\main started by kraj in D:\Hobby-JAVA\spring-balancing)
2025-12-27 19:16:20 INFO  c.e.balancing.BalancingApplication - No active profile set, falling back to 1 default profile: "default"
2025-12-27 19:16:20 INFO  o.s.b.d.e.DevToolsPropertyDefaultsPostProcessor - Devtools property defaults active! Set 'spring.devtools.add-properties' to 'false' to disable
2025-12-27 19:16:20 INFO  o.s.b.d.e.DevToolsPropertyDefaultsPostProcessor - For additional web related logging consider setting the 'logging.level.web' property to 'DEBUG'
2025-12-27 19:16:21 INFO  o.s.d.r.c.RepositoryConfigurationDelegate - Bootstrapping Spring Data JPA repositories in DEFAULT mode.
2025-12-27 19:16:21 INFO  o.s.d.r.c.RepositoryConfigurationDelegate - Finished Spring Data repository scanning in 73 ms. Found 6 JPA repository interfaces.
2025-12-27 19:16:21 INFO  o.s.b.w.e.tomcat.TomcatWebServer - Tomcat initialized with port 8080 (http)
2025-12-27 19:16:21 INFO  o.a.coyote.http11.Http11NioProtocol - Initializing ProtocolHandler ["http-nio-8080"]
2025-12-27 19:16:21 INFO  o.a.catalina.core.StandardService - Starting service [Tomcat]
2025-12-27 19:16:21 INFO  o.a.catalina.core.StandardEngine - Starting Servlet engine: [Apache Tomcat/10.1.26]
2025-12-27 19:16:21 INFO  o.a.c.c.C.[Tomcat].[localhost].[/] - Initializing Spring embedded WebApplicationContext
2025-12-27 19:16:21 INFO  o.s.b.w.s.c.ServletWebServerApplicationContext - Root WebApplicationContext: initialization completed in 1615 ms
2025-12-27 19:16:22 INFO  com.zaxxer.hikari.HikariDataSource - HikariPool-1 - Starting...
2025-12-27 19:16:22 INFO  com.zaxxer.hikari.pool.HikariPool - HikariPool-1 - Added connection org.postgresql.jdbc.PgConnection@fee94e0
2025-12-27 19:16:22 INFO  com.zaxxer.hikari.HikariDataSource - HikariPool-1 - Start completed.
2025-12-27 19:16:22 DEBUG n.t.d.l.l.SLF4JQueryLoggingListener - 
Name:dataSource, Connection:1, Time:3, Success:True
Type:Statement, Batch:False, QuerySize:1, BatchSize:0
Query:["select version()"]
Params:[]
2025-12-27 19:16:22 DEBUG n.t.d.l.l.SLF4JQueryLoggingListener - 
Name:dataSource, Connection:1, Time:1, Success:True
Type:Statement, Batch:False, QuerySize:1, BatchSize:0
Query:["select version()"]
Params:[]
2025-12-27 19:16:22 DEBUG n.t.d.l.l.SLF4JQueryLoggingListener - 
Name:dataSource, Connection:1, Time:2, Success:True
Type:Statement, Batch:False, QuerySize:1, BatchSize:0
Query:["select setting from pg_settings where name = 'edb_redwood_date'"]
Params:[]
2025-12-27 19:16:22 DEBUG n.t.d.l.l.SLF4JQueryLoggingListener - 
Name:dataSource, Connection:1, Time:2, Success:True
Type:Callable, Batch:False, QuerySize:1, BatchSize:0
Query:["select current_schema()"]
Params:[()]
2025-12-27 19:16:22 INFO  liquibase.database - Set default schema name to public
2025-12-27 19:16:22 INFO  liquibase.changelog - Creating database history table with name: public.databasechangelog
2025-12-27 19:16:22 DEBUG n.t.d.l.l.SLF4JQueryLoggingListener - 
Name:dataSource, Connection:1, Time:9, Success:True
Type:Statement, Batch:False, QuerySize:1, BatchSize:0
Query:["CREATE TABLE public.databasechangelog (ID VARCHAR(255) NOT NULL, AUTHOR VARCHAR(255) NOT NULL, FILENAME VARCHAR(255) NOT NULL, DATEEXECUTED TIMESTAMP WITHOUT TIME ZONE NOT NULL, ORDEREXECUTED INTEGER NOT NULL, EXECTYPE VARCHAR(10) NOT NULL, MD5SUM VARCHAR(35), DESCRIPTION VARCHAR(255), COMMENTS VARCHAR(255), TAG VARCHAR(255), LIQUIBASE VARCHAR(20), CONTEXTS VARCHAR(255), LABELS VARCHAR(255), DEPLOYMENT_ID VARCHAR(10))"]
Params:[]
2025-12-27 19:16:22 DEBUG n.t.d.l.l.SLF4JQueryLoggingListener - 
Name:dataSource, Connection:1, Time:1, Success:True
Type:Statement, Batch:False, QuerySize:1, BatchSize:0
Query:["SELECT COUNT(*) FROM public.databasechangelog"]
Params:[]
2025-12-27 19:16:22 INFO  liquibase.changelog - Reading from public.databasechangelog
2025-12-27 19:16:22 DEBUG n.t.d.l.l.SLF4JQueryLoggingListener - 
Name:dataSource, Connection:1, Time:1, Success:True
Type:Statement, Batch:False, QuerySize:1, BatchSize:0
Query:["SELECT * FROM public.databasechangelog ORDER BY DATEEXECUTED ASC, ORDEREXECUTED ASC"]
Params:[]
2025-12-27 19:16:22 DEBUG n.t.d.l.l.SLF4JQueryLoggingListener - 
Name:dataSource, Connection:1, Time:4, Success:False
Type:Statement, Batch:False, QuerySize:1, BatchSize:0
Query:["SELECT COUNT(*) FROM public.databasechangeloglock"]
Params:[]
2025-12-27 19:16:22 DEBUG n.t.d.l.l.SLF4JQueryLoggingListener - 
Name:dataSource, Connection:1, Time:0, Success:True
Type:Statement, Batch:False, QuerySize:1, BatchSize:0
Query:["SHOW SEARCH_PATH"]
Params:[]
2025-12-27 19:16:22 DEBUG n.t.d.l.l.SLF4JQueryLoggingListener - 
Name:dataSource, Connection:1, Time:1, Success:True
Type:Statement, Batch:False, QuerySize:1, BatchSize:0
Query:["SET SEARCH_PATH TO public, "$user","public""]
Params:[]
2025-12-27 19:16:22 DEBUG n.t.d.l.l.SLF4JQueryLoggingListener - 
Name:dataSource, Connection:1, Time:5, Success:True
Type:Statement, Batch:False, QuerySize:1, BatchSize:0
Query:["CREATE TABLE public.databasechangeloglock (ID INTEGER NOT NULL, LOCKED BOOLEAN NOT NULL, LOCKGRANTED TIMESTAMP WITHOUT TIME ZONE, LOCKEDBY VARCHAR(255), CONSTRAINT databasechangeloglock_pkey PRIMARY KEY (ID))"]
Params:[]
2025-12-27 19:16:22 DEBUG n.t.d.l.l.SLF4JQueryLoggingListener - 
Name:dataSource, Connection:1, Time:2, Success:True
Type:Statement, Batch:False, QuerySize:1, BatchSize:0
Query:["SELECT COUNT(*) FROM public.databasechangeloglock"]
Params:[]
2025-12-27 19:16:22 DEBUG n.t.d.l.l.SLF4JQueryLoggingListener - 
Name:dataSource, Connection:1, Time:1, Success:True
Type:Statement, Batch:False, QuerySize:1, BatchSize:0
Query:["DELETE FROM public.databasechangeloglock"]
Params:[]
2025-12-27 19:16:22 DEBUG n.t.d.l.l.SLF4JQueryLoggingListener - 
Name:dataSource, Connection:1, Time:1, Success:True
Type:Statement, Batch:False, QuerySize:1, BatchSize:0
Query:["INSERT INTO public.databasechangeloglock (ID, LOCKED) VALUES (1, FALSE)"]
Params:[]
2025-12-27 19:16:22 DEBUG n.t.d.l.l.SLF4JQueryLoggingListener - 
Name:dataSource, Connection:1, Time:0, Success:True
Type:Statement, Batch:False, QuerySize:1, BatchSize:0
Query:["SHOW SEARCH_PATH"]
Params:[]
2025-12-27 19:16:22 DEBUG n.t.d.l.l.SLF4JQueryLoggingListener - 
Name:dataSource, Connection:1, Time:1, Success:True
Type:Statement, Batch:False, QuerySize:1, BatchSize:0
Query:["SHOW SEARCH_PATH"]
Params:[]
2025-12-27 19:16:22 DEBUG n.t.d.l.l.SLF4JQueryLoggingListener - 
Name:dataSource, Connection:1, Time:1, Success:True
Type:Statement, Batch:False, QuerySize:1, BatchSize:0
Query:["SHOW SEARCH_PATH"]
Params:[]
2025-12-27 19:16:22 DEBUG n.t.d.l.l.SLF4JQueryLoggingListener - 
Name:dataSource, Connection:1, Time:1, Success:True
Type:Statement, Batch:False, QuerySize:1, BatchSize:0
Query:["SELECT COUNT(*) FROM public.databasechangeloglock"]
Params:[]
2025-12-27 19:16:22 DEBUG n.t.d.l.l.SLF4JQueryLoggingListener - 
Name:dataSource, Connection:1, Time:1, Success:True
Type:Statement, Batch:False, QuerySize:1, BatchSize:0
Query:["SELECT COUNT(*) FROM public.databasechangeloglock"]
Params:[]
2025-12-27 19:16:22 DEBUG n.t.d.l.l.SLF4JQueryLoggingListener - 
Name:dataSource, Connection:1, Time:1, Success:True
Type:Statement, Batch:False, QuerySize:1, BatchSize:0
Query:["SELECT LOCKED FROM public.databasechangeloglock WHERE ID=1"]
Params:[]
2025-12-27 19:16:22 DEBUG n.t.d.l.l.SLF4JQueryLoggingListener - 
Name:dataSource, Connection:1, Time:1, Success:True
Type:Statement, Batch:False, QuerySize:1, BatchSize:0
Query:["UPDATE public.databasechangeloglock SET LOCKED = TRUE, LOCKEDBY = 'DESKTOP-A4RTJQM (192.168.1.48)', LOCKGRANTED = NOW() WHERE ID = 1 AND LOCKED = FALSE"]
Params:[]
2025-12-27 19:16:22 INFO  liquibase.lockservice - Successfully acquired change log lock
2025-12-27 19:16:22 DEBUG n.t.d.l.l.SLF4JQueryLoggingListener - 
Name:dataSource, Connection:1, Time:1, Success:True
Type:Statement, Batch:False, QuerySize:1, BatchSize:0
Query:["SHOW SEARCH_PATH"]
Params:[]
2025-12-27 19:16:22 INFO  liquibase.command - Using deploymentId: 6852182954
2025-12-27 19:16:22 DEBUG n.t.d.l.l.SLF4JQueryLoggingListener - 
Name:dataSource, Connection:1, Time:2, Success:True
Type:Statement, Batch:False, QuerySize:1, BatchSize:0
Query:["SELECT COUNT(*) FROM public.databasechangelog"]
Params:[]
2025-12-27 19:16:22 INFO  liquibase.changelog - Reading from public.databasechangelog
2025-12-27 19:16:22 DEBUG n.t.d.l.l.SLF4JQueryLoggingListener - 
Name:dataSource, Connection:1, Time:1, Success:True
Type:Statement, Batch:False, QuerySize:1, BatchSize:0
Query:["SELECT * FROM public.databasechangelog ORDER BY DATEEXECUTED ASC, ORDEREXECUTED ASC"]
Params:[]
2025-12-27 19:16:22 INFO  liquibase.ui - Running Changeset: db/changelog/db.changelog.yaml::1::krajoff
2025-12-27 19:16:22 DEBUG n.t.d.l.l.SLF4JQueryLoggingListener - 
Name:dataSource, Connection:1, Time:0, Success:True
Type:Statement, Batch:False, QuerySize:1, BatchSize:0
Query:["SHOW SEARCH_PATH"]
Params:[]
2025-12-27 19:16:23 DEBUG n.t.d.l.l.SLF4JQueryLoggingListener - 
Name:dataSource, Connection:1, Time:10, Success:True
Type:Statement, Batch:False, QuerySize:1, BatchSize:0
Query:["create table if not exists users (
    id bigint not null generated always as identity,
    email varchar(255) not null,
    username varchar(255) not null,
    password varchar(255) not null,
    priority integer default 1,
    role varchar(16),
    created_on timestamp(6) default current_timestamp,
    updated_on timestamp(6) default current_timestamp,
    primary key (id)
)"]
Params:[]
2025-12-27 19:16:23 DEBUG n.t.d.l.l.SLF4JQueryLoggingListener - 
Name:dataSource, Connection:1, Time:5, Success:True
Type:Statement, Batch:False, QuerySize:1, BatchSize:0
Query:["create unique index idx_users_email on users(email)"]
Params:[]
2025-12-27 19:16:23 DEBUG n.t.d.l.l.SLF4JQueryLoggingListener - 
Name:dataSource, Connection:1, Time:4, Success:True
Type:Statement, Batch:False, QuerySize:1, BatchSize:0
Query:["create unique index idx_users_username on users(username)"]
Params:[]
2025-12-27 19:16:23 DEBUG n.t.d.l.l.SLF4JQueryLoggingListener - 
Name:dataSource, Connection:1, Time:4, Success:True
Type:Statement, Batch:False, QuerySize:1, BatchSize:0
Query:["create table if not exists authorities (
    id bigint not null generated always as identity,
    authority varchar(255),
    user_id bigint,
    primary key (id),
    constraint fk_authorities_user foreign key(user_id) references users(id)
)"]
Params:[]
2025-12-27 19:16:23 DEBUG n.t.d.l.l.SLF4JQueryLoggingListener - 
Name:dataSource, Connection:1, Time:6, Success:True
Type:Statement, Batch:False, QuerySize:1, BatchSize:0
Query:["create unique index idx_authorities_user_authority on authorities(user_id, authority)"]
Params:[]
2025-12-27 19:16:23 DEBUG n.t.d.l.l.SLF4JQueryLoggingListener - 
Name:dataSource, Connection:1, Time:5, Success:True
Type:Statement, Batch:False, QuerySize:1, BatchSize:0
Query:["create table if not exists refresh_tokens (
    id bigint not null generated always as identity,
    expiration timestamp(6) not null,
    token varchar(255) not null,
    user_id bigint,
    created_on timestamp(6) default current_timestamp,
    primary key (id),
    constraint fk_refresh_tokens_user foreign key(user_id) references users(id)
)"]
Params:[]
2025-12-27 19:16:23 DEBUG n.t.d.l.l.SLF4JQueryLoggingListener - 
Name:dataSource, Connection:1, Time:4, Success:True
Type:Statement, Batch:False, QuerySize:1, BatchSize:0
Query:["create unique index idx_refresh_tokens_token on refresh_tokens(token)"]
Params:[]
2025-12-27 19:16:23 DEBUG n.t.d.l.l.SLF4JQueryLoggingListener - 
Name:dataSource, Connection:1, Time:7, Success:True
Type:Statement, Batch:False, QuerySize:1, BatchSize:0
Query:["create table if not exists stations (
    id bigint not null generated always as identity,
    name varchar(50) default 'no-name-station',
    user_id bigint not null,
    created_on timestamp(6) default current_timestamp,
    updated_on timestamp(6) default current_timestamp,
    version bigint default 1,
    primary key (id)
)"]
Params:[]
2025-12-27 19:16:23 DEBUG n.t.d.l.l.SLF4JQueryLoggingListener - 
Name:dataSource, Connection:1, Time:4, Success:True
Type:Statement, Batch:False, QuerySize:1, BatchSize:0
Query:["create index idx_stations_user_id ON stations(user_id)"]
Params:[]
2025-12-27 19:16:23 DEBUG n.t.d.l.l.SLF4JQueryLoggingListener - 
Name:dataSource, Connection:1, Time:5, Success:True
Type:Statement, Batch:False, QuerySize:1, BatchSize:0
Query:["create table if not exists units (
    id bigint not null generated always as identity,
    unit_number integer default 1,
    unit_type varchar(50) not null default 'no-name-unit',
    weight_precision integer default 0,
    weight_unit_measure varchar(5) default 'kg',
    vibration_precision integer default 0,
    vibration_unit_measure varchar(5) default 'um',
    description varchar(255),
    station_id bigint not null,
    created_on timestamp(6) default current_timestamp,
    updated_on timestamp(6) default current_timestamp,
    version bigint default 1,
    primary key (id),
    constraint units_stations_id_fk foreign key (station_id) references stations(id)
)"]
Params:[]
2025-12-27 19:16:23 DEBUG n.t.d.l.l.SLF4JQueryLoggingListener - 
Name:dataSource, Connection:1, Time:6, Success:True
Type:Statement, Batch:False, QuerySize:1, BatchSize:0
Query:["create index idx_units_station_id ON units(station_id)"]
Params:[]
2025-12-27 19:16:23 DEBUG n.t.d.l.l.SLF4JQueryLoggingListener - 
Name:dataSource, Connection:1, Time:9, Success:True
Type:Statement, Batch:False, QuerySize:1, BatchSize:0
Query:["create table if not exists runs (
    id bigint not null generated always as identity,
    run_number integer default 0,
    reference_run_id bigint,
    unit_id bigint not null,
    run_parameters jsonb,
    created_on timestamp(6) default current_timestamp,
    updated_on timestamp(6) default current_timestamp,
    version bigint default 1,
    primary key (id),
    constraint runs_units_id_fk foreign key (unit_id) references units(id),
    constraint runs_reference_run_fk foreign key (reference_run_id) references runs(id),
    constraint runs_no_self_reference_chk check (reference_run_id is null or reference_run_id <> id)
)"]
Params:[]
2025-12-27 19:16:23 DEBUG n.t.d.l.l.SLF4JQueryLoggingListener - 
Name:dataSource, Connection:1, Time:5, Success:True
Type:Statement, Batch:False, QuerySize:1, BatchSize:0
Query:["create index idx_runs_unit_id on runs(unit_id)"]
Params:[]
2025-12-27 19:16:23 DEBUG n.t.d.l.l.SLF4JQueryLoggingListener - 
Name:dataSource, Connection:1, Time:6, Success:True
Type:Statement, Batch:False, QuerySize:1, BatchSize:0
Query:["create index idx_runs_reference_run_id on runs(reference_run_id)"]
Params:[]
2025-12-27 19:16:23 DEBUG n.t.d.l.l.SLF4JQueryLoggingListener - 
Name:dataSource, Connection:1, Time:6, Success:True
Type:Statement, Batch:False, QuerySize:1, BatchSize:0
Query:["create table if not exists records (
    id bigint not null generated always as identity,
    run_id bigint not null,
    point_name varchar(15) default 'point',
    mode_name varchar(15) default 'No-load 100%n',
    mag_vibration double precision not null default 0,
    phase_vibration double precision not null default 0,
    is_used boolean not null default true,
    is_manual_sensitivity boolean not null default false,
    created_on timestamp(6) default current_timestamp,
    updated_on timestamp(6) default current_timestamp,
    version bigint default 1,
    primary key (id),
    constraint records_runs_id_fk foreign key (run_id) references runs(id)
)"]
Params:[]
2025-12-27 19:16:23 DEBUG n.t.d.l.l.SLF4JQueryLoggingListener - 
Name:dataSource, Connection:1, Time:5, Success:True
Type:Statement, Batch:False, QuerySize:1, BatchSize:0
Query:["create index idx_records_run_id on records(run_id)"]
Params:[]
2025-12-27 19:16:23 DEBUG n.t.d.l.l.SLF4JQueryLoggingListener - 
Name:dataSource, Connection:1, Time:1, Success:True
Type:Statement, Batch:False, QuerySize:1, BatchSize:0
Query:["insert into users (email, username, password) values
    ('iioz@ya.ru', 'nikolay','$2a$12$sq./cdz8r.pv3wmpsjv3x.44//hq5/rm9erxbula4daankit0jork'),
    ('pavel@mail.com', 'pavel','$2a$12$sq./cdz8r.pv3wmpsjv3x.44//hq5/rm9erxbula4daankit0jork'),
    ('nikita@mail.com', 'nikita','$2a$12$sq./cdz8r.pv3wmpsjv3x.44//hq5/rm9erxbula4daankit0jork')"]
Params:[]
2025-12-27 19:16:23 DEBUG n.t.d.l.l.SLF4JQueryLoggingListener - 
Name:dataSource, Connection:1, Time:1, Success:True
Type:Statement, Batch:False, QuerySize:1, BatchSize:0
Query:["insert into stations (name, user_id) values
    ('Туполанг гэс', 1),
    ('Воткиснкая гэс', 1),
    ('Волжская гэс', 1),
    ('Богучанская гэс', 1),
    ('Модельный агрегат', 1),
    ('Нижегородская гэс', 1)"]
Params:[]
2025-12-27 19:16:23 DEBUG n.t.d.l.l.SLF4JQueryLoggingListener - 
Name:dataSource, Connection:1, Time:1, Success:True
Type:Statement, Batch:False, QuerySize:1, BatchSize:0
Query:["insert into units (unit_number, unit_type, station_id) values
    (3, 'СВ 477/180-16 ухл4', 1),
    (7, 'СВ 1548/203-66 ухл4', 4),
    (4, 'СВ 477/180-16 ухл4', 1),
    (8, 'СВ 1488/175-88 ухл4', 2),
    (2, 'СВ 1488/175-88 ухл4', 2),
    (2, 'СВ 1488/200-88 ухл4', 3),
    (1, 'СВ 1345/145-96 ухл4', 6),
    (1, 'без названия', 5)"]
Params:[]
2025-12-27 19:16:23 DEBUG n.t.d.l.l.SLF4JQueryLoggingListener - 
Name:dataSource, Connection:1, Time:1, Success:True
Type:Statement, Batch:False, QuerySize:1, BatchSize:0
Query:["insert into runs (run_number, reference_run_id, run_parameters, unit_id) values
   (0, null, '{"mag_weight": 0, "phase_weight": 0, "num_plane": 1}'::jsonb, 1),
   (1, null, '{"mag_weight": 48, "phase_weight": -135, "num_plane": 1}'::jsonb, 1),
   (2, null, '{"mag_weight": 15.4, "phase_weight": -135, "num_plane": 1}'::jsonb, 1),
   (3, null, '{"mag_weight": 36.4, "phase_weight": -135, "num_plane": 1}'::jsonb, 1),
   (4, null, '{"mag_weight": 37, "phase_weight": 180, "num_plane": 1}'::jsonb, 1),
   (0, null, '{"mag_weight": 0, "phase_weight": 0, "num_plane": 1}'::jsonb, 2),
   (1, null, '{"mag_weight": 250, "phase_weight": 0, "num_plane": 1}'::jsonb, 2),
   (0, null, '{"mag_weight": 0, "phase_weight": 0, "num_plane": 1}'::jsonb, 7),
   (0, 8,    '{"mag_weight": 30, "phase_weight": 0, "num_plane": 1}'::jsonb, 7),
   (0, 8,    '{"mag_weight": 100, "phase_weight": 100, "num_plane": 1}'::jsonb, 7),
   (0, 8,    '{"mag_weight": 50, "phase_weight": -90, "num_plane": 1}'::jsonb, 7),
   (0, 10,   '{"mag_weight": 60, "phase_weight": 90, "num_plane": 1}'::jsonb, 7),
   (0, 9,    '{"mag_weight": 21.2132, "phase_weight": 135, "num_plane": 1}'::jsonb, 7),
   (0, 12,   '{"mag_weight": 21.2132, "phase_weight": 0, "num_plane": 1}'::jsonb, 7),
   (0, null, '{"mag_weight": 36.5, "phase_weight": -135, "num_plane": 1}'::jsonb, 7)"]
Params:[]
2025-12-27 19:16:23 DEBUG n.t.d.l.l.SLF4JQueryLoggingListener - 
Name:dataSource, Connection:1, Time:2, Success:True
Type:Statement, Batch:False, QuerySize:1, BatchSize:0
Query:["insert into records (point_name, mode_name, run_id, mag_vibration, phase_vibration) values
   ('ТП', 'No-load 100%n', 6, 183, 51),
   ('ТП', 'No-load 100%n', 6, 350, 52),
   ('ТП', 'No-load 100%n', 6, 362, 68),
   ('ТП', 'No-load 100%n', 7, 13, 331),
   ('ТП', 'No-load 100%n', 7, 123, 41),
   ('ТП', 'No-load 100%n', 7, 209, 74),

   ('ВГП', 'No-load 100%n', 8, 100, -30),
   ('ВГП', 'No-load 100%n', 9, 126.8706, -23.21),
   ('ВГП', 'No-load 100%n', 10, 84.5237, 35),
   ('ВГП', 'No-load 100%n', 11, 132.2876, -49.1066),
   ('ВГП', 'No-load 100%n', 12, 39.3918, 75.0694),
   ('ВГП', 'No-load 100%n', 13, 107.462, -19.0078),
   ('ВГП', 'No-load 100%n', 14, 88.882, -13.0039),

   ('ВГП', 'No-load 100%n', 1, 400, 174),
   ('ВГП', 'No-load 100%n', 1, 249, 190),
   ('ВГП', 'No-load 100%n', 1, 310, 189),
   ('ВГП', 'No-load 100%n', 1, 312, 189),
   ('ВГП', 'No-load 100%n', 2, 240, 189),
   ('ВГП', 'No-load 100%n', 2, 288, 190),
   ('ВГП', 'No-load 100%n', 2, 278, 192),
   ('ВГП', 'No-load 100%n', 3, 209, 192),
   ('ВГП', 'No-load 100%n', 3, 248, 192),
   ('ВГП', 'No-load 100%n', 3, 244, 194),
   ('ВГП', 'No-load 100%n', 4, 120, 191),
   ('ВГП', 'No-load 100%n', 4, 156, 184),
   ('ВГП', 'No-load 100%n', 4, 147, 193),
   ('ВГП', 'No-load 100%n', 15, 199, 166),
   ('ВГП', 'No-load 100%n', 15, 260, 162),
   ('ВГП', 'No-load 100%n', 15, 196, 177),
   ('ВГП', 'No-load 100%n', 5, 228, 208),
   ('ВГП', 'No-load 100%n', 5, 273, 204),
   ('ВГП', 'No-load 100%n', 5, 259, 207)"]
Params:[]
2025-12-27 19:16:23 INFO  liquibase.changelog - SQL in file db/changelog/sql/init.sql executed
2025-12-27 19:16:23 INFO  liquibase.changelog - ChangeSet db/changelog/db.changelog.yaml::1::krajoff ran successfully in 154ms
2025-12-27 19:16:23 DEBUG n.t.d.l.l.SLF4JQueryLoggingListener - 
Name:dataSource, Connection:1, Time:1, Success:True
Type:Statement, Batch:False, QuerySize:1, BatchSize:0
Query:["SELECT MAX(ORDEREXECUTED) FROM public.databasechangelog"]
Params:[]
2025-12-27 19:16:23 DEBUG n.t.d.l.l.SLF4JQueryLoggingListener - 
Name:dataSource, Connection:1, Time:1, Success:True
Type:Statement, Batch:False, QuerySize:1, BatchSize:0
Query:["INSERT INTO public.databasechangelog (ID, AUTHOR, FILENAME, DATEEXECUTED, ORDEREXECUTED, MD5SUM, DESCRIPTION, COMMENTS, EXECTYPE, CONTEXTS, LABELS, LIQUIBASE, DEPLOYMENT_ID) VALUES ('1', 'krajoff', 'db/changelog/db.changelog.yaml', NOW(), 1, '9:fcd5ac01e57f7725ab0f0fbf14552b59', 'sqlFile path=db/changelog/sql/init.sql', '', 'EXECUTED', NULL, NULL, '4.27.0', '6852182954')"]
Params:[]
2025-12-27 19:16:23 INFO  liquibase.util - UPDATE SUMMARY
2025-12-27 19:16:23 INFO  liquibase.util - Run:                          1
2025-12-27 19:16:23 INFO  liquibase.util - Previously run:               0
2025-12-27 19:16:23 INFO  liquibase.util - Filtered out:                 0
2025-12-27 19:16:23 INFO  liquibase.util - -------------------------------
2025-12-27 19:16:23 INFO  liquibase.util - Total change sets:            1
2025-12-27 19:16:23 INFO  liquibase.util - Update summary generated
2025-12-27 19:16:23 INFO  liquibase.command - Update command completed successfully.
2025-12-27 19:16:23 INFO  liquibase.ui - Liquibase: Update has been successful. Rows affected: 65
2025-12-27 19:16:23 DEBUG n.t.d.l.l.SLF4JQueryLoggingListener - 
Name:dataSource, Connection:1, Time:1, Success:True
Type:Statement, Batch:False, QuerySize:1, BatchSize:0
Query:["SHOW SEARCH_PATH"]
Params:[]
2025-12-27 19:16:23 DEBUG n.t.d.l.l.SLF4JQueryLoggingListener - 
Name:dataSource, Connection:1, Time:1, Success:True
Type:Statement, Batch:False, QuerySize:1, BatchSize:0
Query:["UPDATE public.databasechangeloglock SET LOCKED = FALSE, LOCKEDBY = NULL, LOCKGRANTED = NULL WHERE ID = 1"]
Params:[]
2025-12-27 19:16:23 INFO  liquibase.lockservice - Successfully released change log lock
2025-12-27 19:16:23 DEBUG n.t.d.l.l.SLF4JQueryLoggingListener - 
Name:dataSource, Connection:1, Time:0, Success:True
Type:Statement, Batch:False, QuerySize:1, BatchSize:0
Query:["SHOW SEARCH_PATH"]
Params:[]
2025-12-27 19:16:23 INFO  liquibase.command - Command execution complete
2025-12-27 19:16:23 INFO  o.h.jpa.internal.util.LogHelper - HHH000204: Processing PersistenceUnitInfo [name: default]
2025-12-27 19:16:23 INFO  org.hibernate.Version - HHH000412: Hibernate ORM core version 6.5.2.Final
2025-12-27 19:16:23 INFO  o.h.c.i.RegionFactoryInitiator - HHH000026: Second-level cache disabled
2025-12-27 19:16:23 INFO  o.s.o.j.p.SpringPersistenceUnitInfo - No LoadTimeWeaver setup: ignoring JPA class transformer
2025-12-27 19:16:23 DEBUG n.t.d.l.l.SLF4JQueryLoggingListener - 
Name:dataSource, Connection:3, Time:2, Success:True
Type:Prepared, Batch:False, QuerySize:1, BatchSize:0
Query:["select * from information_schema.sequences"]
Params:[()]
2025-12-27 19:16:24 INFO  o.h.e.t.j.p.i.JtaPlatformInitiator - HHH000489: No JTA platform available (set 'hibernate.transaction.jta.platform' to enable JTA platform integration)
2025-12-27 19:16:24 INFO  o.s.o.j.LocalContainerEntityManagerFactoryBean - Initialized JPA EntityManagerFactory for persistence unit 'default'
2025-12-27 19:16:24 INFO  o.s.d.j.r.query.QueryEnhancerFactory - Hibernate is in classpath; If applicable, HQL parser will be used.
2025-12-27 19:16:24 INFO  o.s.s.c.a.a.c.InitializeAuthenticationProviderBeanManagerConfigurer$InitializeAuthenticationProviderManagerConfigurer - Global AuthenticationManager configured with AuthenticationProvider bean with name authenticationProvider
2025-12-27 19:16:24 WARN  o.s.s.c.a.a.c.InitializeUserDetailsBeanManagerConfigurer$InitializeUserDetailsManagerConfigurer - Global AuthenticationManager configured with an AuthenticationProvider bean. UserDetailsService beans will not be used for username/password login. Consider removing the AuthenticationProvider bean. Alternatively, consider using the UserDetailsService in a manually instantiated DaoAuthenticationProvider.
2025-12-27 19:16:24 WARN  o.s.b.a.o.j.JpaBaseConfiguration$JpaWebConfiguration - spring.jpa.open-in-view is enabled by default. Therefore, database queries may be performed during view rendering. Explicitly configure spring.jpa.open-in-view to disable this warning
2025-12-27 19:16:26 INFO  o.s.b.d.a.OptionalLiveReloadServer - LiveReload server is running on port 35729
2025-12-27 19:16:26 INFO  o.a.coyote.http11.Http11NioProtocol - Starting ProtocolHandler ["http-nio-8080"]
2025-12-27 19:16:26 INFO  o.s.b.w.e.tomcat.TomcatWebServer - Tomcat started on port 8080 (http) with context path '/'
2025-12-27 19:16:26 INFO  c.e.balancing.BalancingApplication - Started BalancingApplication in 6.451 seconds (process running for 6.861)
2025-12-27 19:16:31 INFO  o.a.c.c.C.[Tomcat].[localhost].[/] - Initializing Spring DispatcherServlet 'dispatcherServlet'
2025-12-27 19:16:31 INFO  o.s.web.servlet.DispatcherServlet - Initializing Servlet 'dispatcherServlet'
2025-12-27 19:16:31 INFO  o.s.web.servlet.DispatcherServlet - Completed initialization in 1 ms
2025-12-27 19:16:32 DEBUG n.t.d.l.l.SLF4JQueryLoggingListener - 
Name:dataSource, Connection:4, Time:2, Success:True
Type:Prepared, Batch:False, QuerySize:1, BatchSize:0
Query:["select * from users u where u.username = ? or u.email = ?"]
Params:[(krajoff,004@ya.ru)]
2025-12-27 19:16:32 DEBUG n.t.d.l.l.SLF4JQueryLoggingListener - 
Name:dataSource, Connection:4, Time:3, Success:True
Type:Prepared, Batch:False, QuerySize:1, BatchSize:0
Query:["select u1_0.id,u1_0.created_on,u1_0.email,u1_0.password,u1_0.role,u1_0.updated_on,u1_0.username from users u1_0 where u1_0.username=?"]
Params:[(krajoff)]
2025-12-27 19:16:32 DEBUG n.t.d.l.l.SLF4JQueryLoggingListener - 
Name:dataSource, Connection:4, Time:2, Success:True
Type:Prepared, Batch:False, QuerySize:1, BatchSize:0
Query:["insert into users (created_on,email,password,role,updated_on,username) values (?,?,?,?,?,?) returning id"]
Params:[(2025-12-27 19:16:32.434,004@ya.ru,$2a$12$OCRHNxWZ4MCCRNX5J1vSuOTq9vZyRUyfOpoqfnQVZQ7KTCjmhhBiu,ROLE_USER,2025-12-27 19:16:32.434,krajoff)]
2025-12-27 19:16:32 INFO  c.e.b.s.auth.AuthenticationService - User krajoff created successfully
2025-12-27 19:16:32 DEBUG n.t.d.l.l.SLF4JQueryLoggingListener - 
Name:dataSource, Connection:4, Time:3, Success:True
Type:Prepared, Batch:False, QuerySize:1, BatchSize:0
Query:["select rt1_0.id,rt1_0.created_on,rt1_0.expiration,rt1_0.token,rt1_0.user_id from refresh_tokens rt1_0 where rt1_0.user_id=?"]
Params:[(4)]
2025-12-27 19:16:32 DEBUG n.t.d.l.l.SLF4JQueryLoggingListener - 
Name:dataSource, Connection:4, Time:1, Success:True
Type:Prepared, Batch:False, QuerySize:1, BatchSize:0
Query:["insert into refresh_tokens (created_on,expiration,token,user_id) values (?,?,?,?) returning id"]
Params:[(2025-12-27 19:16:32.512257,2026-01-26 19:16:32.5103458,41e24efb-a48a-4f3d-a650-c5082309a6e6,4)]
2025-12-27 19:18:25 DEBUG n.t.d.l.l.SLF4JQueryLoggingListener - 
Name:dataSource, Connection:5, Time:2, Success:True
Type:Prepared, Batch:False, QuerySize:1, BatchSize:0
Query:["select * from users u where u.username = ? or u.email = ?"]
Params:[(krajoff,004@ya.ru)]
2025-12-27 19:18:25 WARN  o.s.w.s.m.m.a.ExceptionHandlerExceptionResolver - Resolved [com.example.balancing.exception.user.UserAlreadyExistedException: Such username or email already taken]
